Year,Serie,RefArea,Value
2010,,España,0.0
2010,,España,0.0
2010,,España,0.0
2010,,España,0.0
2010,,España,0.0
2010,,España,0.0
2010,,España,4.3
2010,,España,100.0
2010,,España,100.0
2010,,España,100.0
2010,,España,100.0
2010,,España,1.07
2010,,España,0.62
2010,,España,0.16
2010,,España,0.25
2010,,España,1.28
2010,,España,1.34
2010,,España,1.45
2010,,España,1.37
2010,,España,1.43
2010,,España,0.86
2010,,España,0.95
2011,,España,0.0
2011,,España,0.0
2011,,España,0.0
2011,,España,0.0
2011,,España,0.0
2011,,España,0.0
2011,,España,3.5
2011,,España,100.0
2011,,España,100.0
2011,,España,100.0
2011,,España,80.6
2011,,España,100.0
2011,,España,1.07
2011,,España,0.61
2011,,España,0.17
2011,,España,0.25
2011,,España,1.3
2011,,España,1.34
2011,,España,1.46
2011,,España,1.38
2011,,España,1.43
2011,,España,0.87
2011,,España,0.95
2012,,España,0.0
2012,,España,0.0
2012,,España,0.0
2012,,España,0.0
2012,,España,0.0
2012,,España,0.0
2012,,España,3.2
2012,,España,100.0
2012,,España,100.0
2012,,España,100.0
2012,,España,86.7
2012,,España,100.0
2012,,España,1.08
2012,,España,0.61
2012,,España,0.18
2012,,España,0.25
2012,,España,1.29
2012,,España,1.36
2012,,España,1.45
2012,,España,1.39
2012,,España,1.46
2012,,España,0.92
2012,,España,0.95
2013,,España,0.0
2013,,España,0.0
2013,,España,0.0
2013,,España,0.0
2013,,España,0.0
2013,,España,0.0
2013,,España,3.1
2013,,España,100.0
2013,,España,100.0
2013,,España,100.0
2013,,España,89.8
2013,,España,100.0
2013,,España,1.08
2013,,España,0.61
2013,,España,0.19
2013,,España,0.25
2013,,España,1.3
2013,,España,1.36
2013,,España,1.44
2013,,España,1.4
2013,,España,1.46
2013,,España,0.92
2013,,España,0.93
2014,,España,0.0
2014,,España,0.0
2014,,España,0.0
2014,,España,0.0
2014,,España,0.0
2014,,España,0.0
2014,,España,3.0
2014,,España,100.0
2014,,España,100.0
2014,,España,100.0
2014,,España,91.5
2014,,España,100.0
2014,,España,1.08
2014,,España,0.61
2014,,España,0.19
2014,,España,0.25
2014,,España,1.29
2014,,España,1.36
2014,,España,1.44
2014,,España,1.4
2014,,España,1.47
2014,,España,0.93
2014,,España,0.93
2015,,España,101.93
2015,,España,59.19
2015,,España,173.75
2015,,España,32.2
2015,,España,93.39
2015,,España,25.96
2015,,España,3.0
2015,,España,100.0
2015,,España,100.0
2015,,España,100.0
2015,,España,92.7
2015,,España,100.0
2015,,España,1.08
2015,,España,0.62
2015,,España,0.19
2015,,España,0.25
2015,,España,1.3
2015,,España,1.37
2015,,España,1.44
2015,,España,1.41
2015,,España,1.48
2015,,España,0.93
2015,,España,0.92
2016,,España,98.25
2016,,España,57.38
2016,,España,167.19
2016,,España,31.53
2016,,España,89.85
2016,,España,25.96
2016,,España,100.0
2016,,España,100.0
2016,,España,100.0
2016,,España,100.0
2016,,España,1.1
2016,,España,0.61
2016,,España,0.2
2016,,España,0.25
2016,,España,1.3
2016,,España,1.37
2016,,España,1.45
2016,,España,1.41
2016,,España,1.48
2016,,España,0.94
2016,,España,0.95
2017,,España,100.57
2017,,España,55.34
2017,,España,171.11
2017,,España,32.43
2017,,España,87.02
2017,,España,24.66
2017,,España,3.0
2017,,España,100.0
2017,,España,100.0
2017,,España,100.0
2017,,España,94.6
2017,,España,100.0
2017,,España,1.11
2017,,España,0.62
2017,,España,0.2
2017,,España,0.25
2017,,España,1.3
2017,,España,1.39
2017,,España,1.45
2017,,España,1.41
2017,,España,1.49
2017,,España,0.94
2017,,España,0.97
2018,,España,102.66
2018,,España,55.2
2018,,España,174.12
2018,,España,33.74
2018,,España,86.51
2018,,España,24.95
2018,,España,100.0
2018,,España,100.0
2018,,España,100.0
2018,,España,100.0
2018,,España,1.12
2018,,España,0.63
2018,,España,0.24
2018,,España,0.26
2018,,España,1.3
2018,,España,1.39
2018,,España,1.45
2018,,España,1.42
2018,,España,1.49
2018,,España,0.95
2018,,España,0.98
2019,,España,106.22
2019,,España,57.76
2019,,España,179.55
2019,,España,35.54
2019,,España,89.3
2019,,España,27.37
2019,,España,2.9
2019,,España,100.0
2019,,España,100.0
2019,,España,100.0
2019,,España,96.8
2019,,España,100.0
2019,,España,1.13
2019,,España,0.63
2019,,España,0.24
2019,,España,0.26
2019,,España,1.32
2019,,España,1.4
2019,,España,1.46
2019,,España,1.42
2019,,España,1.5
2019,,España,0.95
2019,,España,0.99
2020,,España,81.39
2020,,España,42.27
2020,,España,136.16
2020,,España,28.65
2020,,España,64.0
2020,,España,21.32
2020,,España,100.0
2020,,España,100.0
2020,,España,100.0
2020,,España,100.0
2020,,España,1.14
2020,,España,0.62
2020,,España,0.22
2020,,España,0.26
2020,,España,1.33
2020,,España,1.4
2020,,España,1.46
2020,,España,1.42
2020,,España,1.5
2020,,España,0.96
2020,,España,1.01
2020,,España,0.99
2021,,España,0.0
2021,,España,0.0
2021,,España,0.0
2021,,España,0.0
2021,,España,0.0
2021,,España,0.0
2021,,España,2.5
2021,,España,100.0
2021,,España,100.0
2021,,España,100.0
2021,,España,97.4
2021,,España,100.0
2021,,España,1.15
2021,,España,0.62
2021,,España,0.23
2021,,España,0.26
2021,,España,1.34
2021,,España,1.41
2021,,España,1.45
2021,,España,1.43
2021,,España,1.51
2021,,España,0.96
2021,,España,1.02
2021,,España,1.01
2022,,España,0.0
2022,,España,0.0
2022,,España,0.0
2022,,España,0.0
2022,,España,0.0
2022,,España,0.0
2022,,España,0.0
2022,,España,0.0
2022,,España,0.0
2022,,España,0.0
2022,,España,0.0
2022,,España,0.0
2010,,Cantabria,76.49
2010,,Cantabria,14.59
2010,,Cantabria,136.07
2010,,Cantabria,19.28
2010,,Cantabria,22.85
2010,,Cantabria,6.65
2010,,Cantabria,4.5
2010,,Cantabria,100.0
2010,,Cantabria,100.0
2010,,Cantabria,100.0
2010,,Cantabria,100.0
2010,,Cantabria,1.12
2010,,Cantabria,0.64
2010,,Cantabria,0.18
2010,,Cantabria,0.32
2010,,Cantabria,1.19
2010,,Cantabria,1.38
2010,,Cantabria,1.5
2010,,Cantabria,1.33
2010,,Cantabria,1.54
2010,,Cantabria,0.82
2010,,Cantabria,0.78
2011,,Cantabria,63.56
2011,,Cantabria,15.21
2011,,Cantabria,111.84
2011,,Cantabria,17.23
2011,,Cantabria,24.51
2011,,Cantabria,6.29
2011,,Cantabria,3.5
2011,,Cantabria,100.0
2011,,Cantabria,100.0
2011,,Cantabria,100.0
2011,,Cantabria,96.8
2011,,Cantabria,100.0
2011,,Cantabria,1.12
2011,,Cantabria,0.64
2011,,Cantabria,0.19
2011,,Cantabria,0.26
2011,,Cantabria,1.19
2011,,Cantabria,1.37
2011,,Cantabria,1.5
2011,,Cantabria,1.33
2011,,Cantabria,1.53
2011,,Cantabria,0.83
2011,,Cantabria,0.77
2012,,Cantabria,62.26
2012,,Cantabria,22.16
2012,,Cantabria,108.16
2012,,Cantabria,18.23
2012,,Cantabria,36.28
2012,,Cantabria,8.62
2012,,Cantabria,3.5
2012,,Cantabria,100.0
2012,,Cantabria,100.0
2012,,Cantabria,100.0
2012,,Cantabria,96.8
2012,,Cantabria,100.0
2012,,Cantabria,1.12
2012,,Cantabria,0.65
2012,,Cantabria,0.21
2012,,Cantabria,0.34
2012,,Cantabria,1.21
2012,,Cantabria,1.37
2012,,Cantabria,1.53
2012,,Cantabria,1.34
2012,,Cantabria,1.5
2012,,Cantabria,0.83
2012,,Cantabria,0.77
2013,,Cantabria,69.83
2013,,Cantabria,31.09
2013,,Cantabria,125.73
2013,,Cantabria,16.3
2013,,Cantabria,44.8
2013,,Cantabria,17.96
2013,,Cantabria,3.1
2013,,Cantabria,100.0
2013,,Cantabria,100.0
2013,,Cantabria,100.0
2013,,Cantabria,96.1
2013,,Cantabria,100.0
2013,,Cantabria,1.12
2013,,Cantabria,0.65
2013,,Cantabria,0.21
2013,,Cantabria,0.28
2013,,Cantabria,1.25
2013,,Cantabria,1.37
2013,,Cantabria,1.53
2013,,Cantabria,1.34
2013,,Cantabria,1.51
2013,,Cantabria,0.84
2013,,Cantabria,0.79
2014,,Cantabria,72.84
2014,,Cantabria,27.97
2014,,Cantabria,126.94
2014,,Cantabria,21.04
2014,,Cantabria,44.29
2014,,Cantabria,12.35
2014,,Cantabria,3.0
2014,,Cantabria,100.0
2014,,Cantabria,100.0
2014,,Cantabria,100.0
2014,,Cantabria,97.3
2014,,Cantabria,100.0
2014,,Cantabria,1.15
2014,,Cantabria,0.66
2014,,Cantabria,0.21
2014,,Cantabria,0.24
2014,,Cantabria,1.31
2014,,Cantabria,1.42
2014,,Cantabria,1.53
2014,,Cantabria,1.41
2014,,Cantabria,1.57
2014,,Cantabria,0.86
2014,,Cantabria,0.75
2015,,Cantabria,68.03
2015,,Cantabria,27.93
2015,,Cantabria,116.43
2015,,Cantabria,21.78
2015,,Cantabria,44.54
2015,,Cantabria,12.06
2015,,Cantabria,2.8
2015,,Cantabria,100.0
2015,,Cantabria,100.0
2015,,Cantabria,100.0
2015,,Cantabria,97.4
2015,,Cantabria,100.0
2015,,Cantabria,1.15
2015,,Cantabria,0.71
2015,,Cantabria,0.22
2015,,Cantabria,0.21
2015,,Cantabria,1.29
2015,,Cantabria,1.43
2015,,Cantabria,1.54
2015,,Cantabria,1.42
2015,,Cantabria,1.58
2015,,Cantabria,0.83
2015,,Cantabria,0.73
2016,,Cantabria,70.52
2016,,Cantabria,29.41
2016,,Cantabria,121.15
2016,,Cantabria,22.19
2016,,Cantabria,48.95
2016,,Cantabria,10.76
2016,,Cantabria,100.0
2016,,Cantabria,100.0
2016,,Cantabria,100.0
2016,,Cantabria,100.0
2016,,Cantabria,1.19
2016,,Cantabria,0.71
2016,,Cantabria,0.21
2016,,Cantabria,0.26
2016,,Cantabria,1.23
2016,,Cantabria,1.45
2016,,Cantabria,1.55
2016,,Cantabria,1.43
2016,,Cantabria,1.59
2016,,Cantabria,0.84
2016,,Cantabria,0.75
2017,,Cantabria,79.36
2017,,Cantabria,25.48
2017,,Cantabria,139.65
2017,,Cantabria,21.86
2017,,Cantabria,42.32
2017,,Cantabria,9.42
2017,,Cantabria,2.6
2017,,Cantabria,100.0
2017,,Cantabria,100.0
2017,,Cantabria,100.0
2017,,Cantabria,97.1
2017,,Cantabria,100.0
2017,,Cantabria,1.19
2017,,Cantabria,0.7
2017,,Cantabria,0.22
2017,,Cantabria,0.21
2017,,Cantabria,1.25
2017,,Cantabria,1.45
2017,,Cantabria,1.54
2017,,Cantabria,1.45
2017,,Cantabria,1.59
2017,,Cantabria,0.85
2017,,Cantabria,0.78
2018,,Cantabria,75.74
2018,,Cantabria,32.88
2018,,Cantabria,128.47
2018,,Cantabria,25.54
2018,,Cantabria,48.0
2018,,Cantabria,18.48
2018,,Cantabria,100.0
2018,,Cantabria,100.0
2018,,Cantabria,100.0
2018,,Cantabria,100.0
2018,,Cantabria,1.18
2018,,Cantabria,0.71
2018,,Cantabria,0.26
2018,,Cantabria,0.28
2018,,Cantabria,1.25
2018,,Cantabria,1.46
2018,,Cantabria,1.54
2018,,Cantabria,1.45
2018,,Cantabria,1.6
2018,,Cantabria,0.86
2018,,Cantabria,0.76
2019,,Cantabria,74.93
2019,,Cantabria,38.5
2019,,Cantabria,124.13
2019,,Cantabria,28.16
2019,,Cantabria,57.48
2019,,Cantabria,20.45
2019,,Cantabria,2.6
2019,,Cantabria,100.0
2019,,Cantabria,100.0
2019,,Cantabria,100.0
2019,,Cantabria,97.9
2019,,Cantabria,100.0
2019,,Cantabria,1.21
2019,,Cantabria,0.71
2019,,Cantabria,0.26
2019,,Cantabria,0.26
2019,,Cantabria,1.23
2019,,Cantabria,1.47
2019,,Cantabria,1.55
2019,,Cantabria,1.47
2019,,Cantabria,1.61
2019,,Cantabria,0.87
2019,,Cantabria,0.82
2020,,Cantabria,68.17
2020,,Cantabria,29.54
2020,,Cantabria,115.94
2020,,Cantabria,22.78
2020,,Cantabria,44.05
2020,,Cantabria,15.74
2020,,Cantabria,100.0
2020,,Cantabria,100.0
2020,,Cantabria,100.0
2020,,Cantabria,100.0
2020,,Cantabria,1.2
2020,,Cantabria,0.7
2020,,Cantabria,0.22
2020,,Cantabria,0.28
2020,,Cantabria,1.22
2020,,Cantabria,1.43
2020,,Cantabria,1.54
2020,,Cantabria,1.45
2020,,Cantabria,1.57
2020,,Cantabria,0.86
2020,,Cantabria,0.86
2020,,Cantabria,0.86
2021,,Cantabria,82.78
2021,,Cantabria,32.22
2021,,Cantabria,139.27
2021,,Cantabria,29.08
2021,,Cantabria,47.13
2021,,Cantabria,18.05
2021,,Cantabria,2.4
2021,,Cantabria,100.0
2021,,Cantabria,100.0
2021,,Cantabria,100.0
2021,,Cantabria,99.1
2021,,Cantabria,100.0
2021,,Cantabria,1.23
2021,,Cantabria,0.71
2021,,Cantabria,0.24
2021,,Cantabria,0.31
2021,,Cantabria,1.24
2021,,Cantabria,1.46
2021,,Cantabria,1.54
2021,,Cantabria,1.47
2021,,Cantabria,1.6
2021,,Cantabria,0.86
2021,,Cantabria,0.87
2021,,Cantabria,0.87
2022,,Cantabria,1.22
2022,,Cantabria,0.7
2022,,Cantabria,0.25
2022,,Cantabria,0.31
2022,,Cantabria,1.27
2022,,Cantabria,1.46
2022,,Cantabria,1.54
2022,,Cantabria,1.48
2022,,Cantabria,1.6
2022,,Cantabria,0.88
2022,,Cantabria,0.84
2022,,Cantabria,0.84
