Year,Serie,Age,Sex,Value
2010,Proporción del PIB generada por el trabajo asalariado,Todas las edades o no desagregado por edad,Ambos sexos o no desagregado por sexo,46.8
2011,Proporción del PIB generada por el trabajo asalariado,Todas las edades o no desagregado por edad,Ambos sexos o no desagregado por sexo,46.3
2012,Proporción del PIB generada por el trabajo asalariado,Todas las edades o no desagregado por edad,Ambos sexos o no desagregado por sexo,44.6
2013,Proporción del PIB generada por el trabajo asalariado,Todas las edades o no desagregado por edad,Ambos sexos o no desagregado por sexo,44.4
2014,Proporción del PIB generada por el trabajo asalariado,Todas las edades o no desagregado por edad,Ambos sexos o no desagregado por sexo,44.2
2015,Proporción del PIB generada por el trabajo asalariado,Todas las edades o no desagregado por edad,Ambos sexos o no desagregado por sexo,44.4
2016,Proporción del PIB generada por el trabajo asalariado,Todas las edades o no desagregado por edad,Ambos sexos o no desagregado por sexo,44.0
2017,Proporción del PIB generada por el trabajo asalariado,Todas las edades o no desagregado por edad,Ambos sexos o no desagregado por sexo,43.6
2018,Proporción del PIB generada por el trabajo asalariado,Todas las edades o no desagregado por edad,Ambos sexos o no desagregado por sexo,43.5
