Year,Serie,RefArea,Value
2010,Número de personas muertas directamente atribuido a desastres por cada 100.000 habitantes,España,0.15
2011,Número de personas muertas directamente atribuido a desastres por cada 100.000 habitantes,España,0.11
2012,Número de personas muertas directamente atribuido a desastres por cada 100.000 habitantes,España,0.12
2013,Número de personas muertas directamente atribuido a desastres por cada 100.000 habitantes,España,0.1
2014,Número de personas muertas directamente atribuido a desastres por cada 100.000 habitantes,España,0.06
2015,Número de personas muertas directamente atribuido a desastres por cada 100.000 habitantes,España,0.17
2016,Número de personas muertas directamente atribuido a desastres por cada 100.000 habitantes,España,0.12
2017,Número de personas muertas directamente atribuido a desastres por cada 100.000 habitantes,España,0.12
2018,Número de personas muertas directamente atribuido a desastres por cada 100.000 habitantes,España,0.22
2019,Número de personas muertas directamente atribuido a desastres por cada 100.000 habitantes,España,0.16
2020,Número de personas muertas directamente atribuido a desastres por cada 100.000 habitantes,España,0.12
2021,Número de personas muertas directamente atribuido a desastres por cada 100.000 habitantes,España,0.13
2022,Número de personas muertas directamente atribuido a desastres por cada 100.000 habitantes,España,0.32
2023,Número de personas muertas directamente atribuido a desastres por cada 100.000 habitantes,España,
