Year,Serie,RefArea,Value
2020,"Se elabora, adopta o aplica instrumentos de política destinados a apoyar la transición hacia modalidades de consumo y producción sostenibles",España,1.0
2021,"Se elabora, adopta o aplica instrumentos de política destinados a apoyar la transición hacia modalidades de consumo y producción sostenibles",España,1.0
2022,"Se elabora, adopta o aplica instrumentos de política destinados a apoyar la transición hacia modalidades de consumo y producción sostenibles",España,1.0
2020,"Se elabora, adopta o aplica instrumentos de política destinados a apoyar la transición hacia modalidades de consumo y producción sostenibles",Cantabria,1.0
2021,"Se elabora, adopta o aplica instrumentos de política destinados a apoyar la transición hacia modalidades de consumo y producción sostenibles",Cantabria,1.0
2022,"Se elabora, adopta o aplica instrumentos de política destinados a apoyar la transición hacia modalidades de consumo y producción sostenibles",Cantabria,1.0
