Year,Serie,Age,Sex,Value
2017,Emisiones totales de gases de efecto invernadero de las unidades residentes por unidad de PIB,Todas las edades o no desagregado por edad,Ambos sexos o no desagregado por sexo,0.5
2018,Emisiones totales de gases de efecto invernadero de las unidades residentes por unidad de PIB,Todas las edades o no desagregado por edad,Ambos sexos o no desagregado por sexo,0.5
2017,Emisiones totales de gases de efecto invernadero de las unidades residentes per cápita,Todas las edades o no desagregado por edad,Ambos sexos o no desagregado por sexo,10.7
2018,Emisiones totales de gases de efecto invernadero de las unidades residentes per cápita,Todas las edades o no desagregado por edad,Ambos sexos o no desagregado por sexo,10.6
