Year,Serie,Age,Sex,Value
2010,Total de ingresos de las Administraciones Públicas Autonómicas y Locales en proporción al PIB,Todas las edades o no desagregado por edad,Ambos sexos o no desagregado por sexo,22.0
2011,Total de ingresos de las Administraciones Públicas Autonómicas y Locales en proporción al PIB,Todas las edades o no desagregado por edad,Ambos sexos o no desagregado por sexo,21.5
2012,Total de ingresos de las Administraciones Públicas Autonómicas y Locales en proporción al PIB,Todas las edades o no desagregado por edad,Ambos sexos o no desagregado por sexo,24.7
2013,Total de ingresos de las Administraciones Públicas Autonómicas y Locales en proporción al PIB,Todas las edades o no desagregado por edad,Ambos sexos o no desagregado por sexo,22.5
2014,Total de ingresos de las Administraciones Públicas Autonómicas y Locales en proporción al PIB,Todas las edades o no desagregado por edad,Ambos sexos o no desagregado por sexo,23.7
2015,Total de ingresos de las Administraciones Públicas Autonómicas y Locales en proporción al PIB,Todas las edades o no desagregado por edad,Ambos sexos o no desagregado por sexo,23.8
2016,Total de ingresos de las Administraciones Públicas Autonómicas y Locales en proporción al PIB,Todas las edades o no desagregado por edad,Ambos sexos o no desagregado por sexo,23.5
2017,Total de ingresos de las Administraciones Públicas Autonómicas y Locales en proporción al PIB,Todas las edades o no desagregado por edad,Ambos sexos o no desagregado por sexo,23.8
2018,Total de ingresos de las Administraciones Públicas Autonómicas y Locales en proporción al PIB,16 a 74 años,Ambos sexos o no desagregado por sexo,23.9
