Year,Serie,Value
2010,Proporción de la superficie agrícola en que se practica una agricultura productiva y sostenible,0.0
2011,Proporción de la superficie agrícola en que se practica una agricultura productiva y sostenible,0.0
2012,Proporción de la superficie agrícola en que se practica una agricultura productiva y sostenible,0.0
2013,Proporción de la superficie agrícola en que se practica una agricultura productiva y sostenible,51.1
2014,Proporción de la superficie agrícola en que se practica una agricultura productiva y sostenible,0.0
2015,Proporción de la superficie agrícola en que se practica una agricultura productiva y sostenible,0.0
2017,Proporción de la superficie agrícola en que se practica una agricultura productiva y sostenible,0.0
2018,Proporción de la superficie agrícola en que se practica una agricultura productiva y sostenible,0.0
