Year,Serie,Age,Sex,Value
2010,Proporción de partos atendidos por personal sanitario especializado,Todas las edades o no desagregado por edad,Ambos sexos o no desagregado por sexo,99.9
2011,Proporción de partos atendidos por personal sanitario especializado,Todas las edades o no desagregado por edad,Ambos sexos o no desagregado por sexo,100.0
2012,Proporción de partos atendidos por personal sanitario especializado,Todas las edades o no desagregado por edad,Ambos sexos o no desagregado por sexo,100.0
2013,Proporción de partos atendidos por personal sanitario especializado,Todas las edades o no desagregado por edad,Ambos sexos o no desagregado por sexo,99.9
2014,Proporción de partos atendidos por personal sanitario especializado,Todas las edades o no desagregado por edad,Ambos sexos o no desagregado por sexo,99.9
2015,Proporción de partos atendidos por personal sanitario especializado,Todas las edades o no desagregado por edad,Ambos sexos o no desagregado por sexo,99.9
2016,Proporción de partos atendidos por personal sanitario especializado,Todas las edades o no desagregado por edad,Ambos sexos o no desagregado por sexo,100.0
2017,Proporción de partos atendidos por personal sanitario especializado,Todas las edades o no desagregado por edad,Ambos sexos o no desagregado por sexo,99.9
2018,Proporción de partos atendidos por personal sanitario especializado,Todas las edades o no desagregado por edad,Ambos sexos o no desagregado por sexo,99.9
