Year,Serie,Value
2010,Tasa de mortalidad por lesiones debidas a accidentes de tráfico,5.6
2011,Tasa de mortalidad por lesiones debidas a accidentes de tráfico,3.38
2012,Tasa de mortalidad por lesiones debidas a accidentes de tráfico,3.05
2013,Tasa de mortalidad por lesiones debidas a accidentes de tráfico,3.06
2014,Tasa de mortalidad por lesiones debidas a accidentes de tráfico,3.58
2015,Tasa de mortalidad por lesiones debidas a accidentes de tráfico,4.11
2016,Tasa de mortalidad por lesiones debidas a accidentes de tráfico,4.13
2017,Tasa de mortalidad por lesiones debidas a accidentes de tráfico,3.96
2018,Tasa de mortalidad por lesiones debidas a accidentes de tráfico,3.96
