Year,Serie,Age,Sex,Value
2010,Tasa de mortalidad atribuida a intoxicaciones involuntarias,Todas las edades o no desagregado por edad,Ambos sexos o no desagregado por sexo,0.7
2011,Tasa de mortalidad atribuida a intoxicaciones involuntarias,Todas las edades o no desagregado por edad,Ambos sexos o no desagregado por sexo,0.3
2012,Tasa de mortalidad atribuida a intoxicaciones involuntarias,Todas las edades o no desagregado por edad,Ambos sexos o no desagregado por sexo,0.5
2013,Tasa de mortalidad atribuida a intoxicaciones involuntarias,Todas las edades o no desagregado por edad,Ambos sexos o no desagregado por sexo,0.7
2014,Tasa de mortalidad atribuida a intoxicaciones involuntarias,Todas las edades o no desagregado por edad,Ambos sexos o no desagregado por sexo,0.9
2015,Tasa de mortalidad atribuida a intoxicaciones involuntarias,Todas las edades o no desagregado por edad,Ambos sexos o no desagregado por sexo,0.5
2016,Tasa de mortalidad atribuida a intoxicaciones involuntarias,Todas las edades o no desagregado por edad,Ambos sexos o no desagregado por sexo,1.5
2017,Tasa de mortalidad atribuida a intoxicaciones involuntarias,Todas las edades o no desagregado por edad,Ambos sexos o no desagregado por sexo,0.7
2018,Tasa de mortalidad atribuida a intoxicaciones involuntarias,Todas las edades o no desagregado por edad,Ambos sexos o no desagregado por sexo,0.2
