Year,Serie,Value
2010,Tasa de mortalidad atribuida a intoxicaciones involuntarias,0.7
2011,Tasa de mortalidad atribuida a intoxicaciones involuntarias,0.3
2012,Tasa de mortalidad atribuida a intoxicaciones involuntarias,0.5
2013,Tasa de mortalidad atribuida a intoxicaciones involuntarias,0.7
2014,Tasa de mortalidad atribuida a intoxicaciones involuntarias,0.9
2015,Tasa de mortalidad atribuida a intoxicaciones involuntarias,0.5
2016,Tasa de mortalidad atribuida a intoxicaciones involuntarias,1.5
2017,Tasa de mortalidad atribuida a intoxicaciones involuntarias,0.7
2018,Tasa de mortalidad atribuida a intoxicaciones involuntarias,0.2
