Year,Serie,Value
2010,Tasa de mortalidad atribuida a intoxicaciones involuntarias,0.68
2011,Tasa de mortalidad atribuida a intoxicaciones involuntarias,0.34
2012,Tasa de mortalidad atribuida a intoxicaciones involuntarias,0.51
2013,Tasa de mortalidad atribuida a intoxicaciones involuntarias,0.68
2014,Tasa de mortalidad atribuida a intoxicaciones involuntarias,0.85
2015,Tasa de mortalidad atribuida a intoxicaciones involuntarias,0.51
2016,Tasa de mortalidad atribuida a intoxicaciones involuntarias,1.55
2017,Tasa de mortalidad atribuida a intoxicaciones involuntarias,0.69
2018,Tasa de mortalidad atribuida a intoxicaciones involuntarias,0.17
