Year,Serie,Age,Sex,Value
2011,Proporción de personas de 15 y más años que fuman a diario,15 años y más,Ambos sexos o no desagregado por sexo,23.9
2012,Proporción de personas de 15 y más años que fuman a diario,15 años y más,Ambos sexos o no desagregado por sexo,23.9
2014,Proporción de personas de 15 y más años que fuman a diario,15 años y más,Ambos sexos o no desagregado por sexo,21.4
2017,Proporción de personas de 15 y más años que fuman a diario,15 años y más,Ambos sexos o no desagregado por sexo,22.9
