Year,Serie,RefArea,Value
2016,Índice de paridad entre personas con y sin limitaciones por problemas de salud de la población entre 18 y 64 años que ha realizado actividades educativas en los últimos 12 meses,España,0.76
2016,Índice de paridad entre personas con y sin limitaciones por problemas de salud de la población entre 18 y 64 años que ha realizado actividades educativas en los últimos 12 meses,Cantabria,0.81
2011,Índice de paridad entre mujeres y hombres de la población entre 18 y 64 años que ha realizado actividades educativas en los últimos 12 meses,España,0.97
2011,Índice de paridad entre mujeres y hombres de la población entre 18 y 64 años que ha realizado actividades educativas en los últimos 12 meses,España,0.97
2016,Índice de paridad entre mujeres y hombres de la población entre 18 y 64 años que ha realizado actividades educativas en los últimos 12 meses,España,0.98
2016,Índice de paridad entre mujeres y hombres de la población entre 18 y 64 años que ha realizado actividades educativas en los últimos 12 meses,España,0.98
2011,Índice de paridad entre mujeres y hombres de la población entre 18 y 64 años que ha realizado actividades educativas en los últimos 12 meses,Cantabria,0.83
2011,Índice de paridad entre mujeres y hombres de la población entre 18 y 64 años que ha realizado actividades educativas en los últimos 12 meses,Cantabria,83.12
2016,Índice de paridad entre mujeres y hombres de la población entre 18 y 64 años que ha realizado actividades educativas en los últimos 12 meses,Cantabria,0.94
2016,Índice de paridad entre mujeres y hombres de la población entre 18 y 64 años que ha realizado actividades educativas en los últimos 12 meses,Cantabria,93.95
2010,Índice de paridad entre personas residentes en municipios de menos de 10.000 habitantes y residentes en municipios de más de 10.000 habitantes de la población entre 15 y 64 años que ha realizado estudios o formación en las últimas cuatro semanas,España,0.88
2010,Índice de paridad entre personas residentes en municipios de menos de 10.000 habitantes y residentes en municipios de más de 10.000 habitantes de la población entre 15 y 64 años que ha realizado estudios o formación en las últimas cuatro semanas,España,0.88
2011,Índice de paridad entre personas residentes en municipios de menos de 10.000 habitantes y residentes en municipios de más de 10.000 habitantes de la población entre 15 y 64 años que ha realizado estudios o formación en las últimas cuatro semanas,España,0.87
2011,Índice de paridad entre personas residentes en municipios de menos de 10.000 habitantes y residentes en municipios de más de 10.000 habitantes de la población entre 15 y 64 años que ha realizado estudios o formación en las últimas cuatro semanas,España,0.87
2012,Índice de paridad entre personas residentes en municipios de menos de 10.000 habitantes y residentes en municipios de más de 10.000 habitantes de la población entre 15 y 64 años que ha realizado estudios o formación en las últimas cuatro semanas,España,0.86
2012,Índice de paridad entre personas residentes en municipios de menos de 10.000 habitantes y residentes en municipios de más de 10.000 habitantes de la población entre 15 y 64 años que ha realizado estudios o formación en las últimas cuatro semanas,España,0.86
2013,Índice de paridad entre personas residentes en municipios de menos de 10.000 habitantes y residentes en municipios de más de 10.000 habitantes de la población entre 15 y 64 años que ha realizado estudios o formación en las últimas cuatro semanas,España,0.89
2013,Índice de paridad entre personas residentes en municipios de menos de 10.000 habitantes y residentes en municipios de más de 10.000 habitantes de la población entre 15 y 64 años que ha realizado estudios o formación en las últimas cuatro semanas,España,0.89
2014,Índice de paridad entre personas residentes en municipios de menos de 10.000 habitantes y residentes en municipios de más de 10.000 habitantes de la población entre 15 y 64 años que ha realizado estudios o formación en las últimas cuatro semanas,España,0.89
2014,Índice de paridad entre personas residentes en municipios de menos de 10.000 habitantes y residentes en municipios de más de 10.000 habitantes de la población entre 15 y 64 años que ha realizado estudios o formación en las últimas cuatro semanas,España,0.89
2015,Índice de paridad entre personas residentes en municipios de menos de 10.000 habitantes y residentes en municipios de más de 10.000 habitantes de la población entre 15 y 64 años que ha realizado estudios o formación en las últimas cuatro semanas,España,0.88
2015,Índice de paridad entre personas residentes en municipios de menos de 10.000 habitantes y residentes en municipios de más de 10.000 habitantes de la población entre 15 y 64 años que ha realizado estudios o formación en las últimas cuatro semanas,España,0.88
2016,Índice de paridad entre personas residentes en municipios de menos de 10.000 habitantes y residentes en municipios de más de 10.000 habitantes de la población entre 15 y 64 años que ha realizado estudios o formación en las últimas cuatro semanas,España,0.87
2016,Índice de paridad entre personas residentes en municipios de menos de 10.000 habitantes y residentes en municipios de más de 10.000 habitantes de la población entre 15 y 64 años que ha realizado estudios o formación en las últimas cuatro semanas,España,0.87
2017,Índice de paridad entre personas residentes en municipios de menos de 10.000 habitantes y residentes en municipios de más de 10.000 habitantes de la población entre 15 y 64 años que ha realizado estudios o formación en las últimas cuatro semanas,España,0.86
2017,Índice de paridad entre personas residentes en municipios de menos de 10.000 habitantes y residentes en municipios de más de 10.000 habitantes de la población entre 15 y 64 años que ha realizado estudios o formación en las últimas cuatro semanas,España,0.86
2018,Índice de paridad entre personas residentes en municipios de menos de 10.000 habitantes y residentes en municipios de más de 10.000 habitantes de la población entre 15 y 64 años que ha realizado estudios o formación en las últimas cuatro semanas,España,0.86
2018,Índice de paridad entre personas residentes en municipios de menos de 10.000 habitantes y residentes en municipios de más de 10.000 habitantes de la población entre 15 y 64 años que ha realizado estudios o formación en las últimas cuatro semanas,España,0.86
2019,Índice de paridad entre personas residentes en municipios de menos de 10.000 habitantes y residentes en municipios de más de 10.000 habitantes de la población entre 15 y 64 años que ha realizado estudios o formación en las últimas cuatro semanas,España,0.86
2019,Índice de paridad entre personas residentes en municipios de menos de 10.000 habitantes y residentes en municipios de más de 10.000 habitantes de la población entre 15 y 64 años que ha realizado estudios o formación en las últimas cuatro semanas,España,0.86
2020,Índice de paridad entre personas residentes en municipios de menos de 10.000 habitantes y residentes en municipios de más de 10.000 habitantes de la población entre 15 y 64 años que ha realizado estudios o formación en las últimas cuatro semanas,España,0.85
2020,Índice de paridad entre personas residentes en municipios de menos de 10.000 habitantes y residentes en municipios de más de 10.000 habitantes de la población entre 15 y 64 años que ha realizado estudios o formación en las últimas cuatro semanas,España,0.85
2021,Índice de paridad entre personas residentes en municipios de menos de 10.000 habitantes y residentes en municipios de más de 10.000 habitantes de la población entre 15 y 64 años que ha realizado estudios o formación en las últimas cuatro semanas,España,0.86
2010,Índice de paridad entre personas residentes en municipios de menos de 10.000 habitantes y residentes en municipios de más de 10.000 habitantes de la población entre 15 y 64 años que ha realizado estudios o formación en las últimas cuatro semanas,Cantabria,0.06
2010,Índice de paridad entre personas residentes en municipios de menos de 10.000 habitantes y residentes en municipios de más de 10.000 habitantes de la población entre 15 y 64 años que ha realizado estudios o formación en las últimas cuatro semanas,Cantabria,84.09
2011,Índice de paridad entre personas residentes en municipios de menos de 10.000 habitantes y residentes en municipios de más de 10.000 habitantes de la población entre 15 y 64 años que ha realizado estudios o formación en las últimas cuatro semanas,Cantabria,0.05
2011,Índice de paridad entre personas residentes en municipios de menos de 10.000 habitantes y residentes en municipios de más de 10.000 habitantes de la población entre 15 y 64 años que ha realizado estudios o formación en las últimas cuatro semanas,Cantabria,75.22
2012,Índice de paridad entre personas residentes en municipios de menos de 10.000 habitantes y residentes en municipios de más de 10.000 habitantes de la población entre 15 y 64 años que ha realizado estudios o formación en las últimas cuatro semanas,Cantabria,0.05
2012,Índice de paridad entre personas residentes en municipios de menos de 10.000 habitantes y residentes en municipios de más de 10.000 habitantes de la población entre 15 y 64 años que ha realizado estudios o formación en las últimas cuatro semanas,Cantabria,77.23
2013,Índice de paridad entre personas residentes en municipios de menos de 10.000 habitantes y residentes en municipios de más de 10.000 habitantes de la población entre 15 y 64 años que ha realizado estudios o formación en las últimas cuatro semanas,Cantabria,0.06
2013,Índice de paridad entre personas residentes en municipios de menos de 10.000 habitantes y residentes en municipios de más de 10.000 habitantes de la población entre 15 y 64 años que ha realizado estudios o formación en las últimas cuatro semanas,Cantabria,85.54
2014,Índice de paridad entre personas residentes en municipios de menos de 10.000 habitantes y residentes en municipios de más de 10.000 habitantes de la población entre 15 y 64 años que ha realizado estudios o formación en las últimas cuatro semanas,Cantabria,0.05
2014,Índice de paridad entre personas residentes en municipios de menos de 10.000 habitantes y residentes en municipios de más de 10.000 habitantes de la población entre 15 y 64 años que ha realizado estudios o formación en las últimas cuatro semanas,Cantabria,98.68
2015,Índice de paridad entre personas residentes en municipios de menos de 10.000 habitantes y residentes en municipios de más de 10.000 habitantes de la población entre 15 y 64 años que ha realizado estudios o formación en las últimas cuatro semanas,Cantabria,0.05
2015,Índice de paridad entre personas residentes en municipios de menos de 10.000 habitantes y residentes en municipios de más de 10.000 habitantes de la población entre 15 y 64 años que ha realizado estudios o formación en las últimas cuatro semanas,Cantabria,92.13
2016,Índice de paridad entre personas residentes en municipios de menos de 10.000 habitantes y residentes en municipios de más de 10.000 habitantes de la población entre 15 y 64 años que ha realizado estudios o formación en las últimas cuatro semanas,Cantabria,0.05
2016,Índice de paridad entre personas residentes en municipios de menos de 10.000 habitantes y residentes en municipios de más de 10.000 habitantes de la población entre 15 y 64 años que ha realizado estudios o formación en las últimas cuatro semanas,Cantabria,80.52
2017,Índice de paridad entre personas residentes en municipios de menos de 10.000 habitantes y residentes en municipios de más de 10.000 habitantes de la población entre 15 y 64 años que ha realizado estudios o formación en las últimas cuatro semanas,Cantabria,0.05
2017,Índice de paridad entre personas residentes en municipios de menos de 10.000 habitantes y residentes en municipios de más de 10.000 habitantes de la población entre 15 y 64 años que ha realizado estudios o formación en las últimas cuatro semanas,Cantabria,74.17
2018,Índice de paridad entre personas residentes en municipios de menos de 10.000 habitantes y residentes en municipios de más de 10.000 habitantes de la población entre 15 y 64 años que ha realizado estudios o formación en las últimas cuatro semanas,Cantabria,0.05
2018,Índice de paridad entre personas residentes en municipios de menos de 10.000 habitantes y residentes en municipios de más de 10.000 habitantes de la población entre 15 y 64 años que ha realizado estudios o formación en las últimas cuatro semanas,Cantabria,77.84
2019,Índice de paridad entre personas residentes en municipios de menos de 10.000 habitantes y residentes en municipios de más de 10.000 habitantes de la población entre 15 y 64 años que ha realizado estudios o formación en las últimas cuatro semanas,Cantabria,0.05
2019,Índice de paridad entre personas residentes en municipios de menos de 10.000 habitantes y residentes en municipios de más de 10.000 habitantes de la población entre 15 y 64 años que ha realizado estudios o formación en las últimas cuatro semanas,Cantabria,79.97
2020,Índice de paridad entre personas residentes en municipios de menos de 10.000 habitantes y residentes en municipios de más de 10.000 habitantes de la población entre 15 y 64 años que ha realizado estudios o formación en las últimas cuatro semanas,Cantabria,0.05
2020,Índice de paridad entre personas residentes en municipios de menos de 10.000 habitantes y residentes en municipios de más de 10.000 habitantes de la población entre 15 y 64 años que ha realizado estudios o formación en las últimas cuatro semanas,Cantabria,76.54
2021,Índice de paridad entre personas residentes en municipios de menos de 10.000 habitantes y residentes en municipios de más de 10.000 habitantes de la población entre 15 y 64 años que ha realizado estudios o formación en las últimas cuatro semanas,Cantabria,0.04
2016,Índice de paridad entre personas pertenecientes a hogares que se encuentran en el nivel de ingresos inferior y superior de la población entre 18 y 64 años que ha realizado actividades educativas en los últimos 12 meses,España,0.46
2016,Índice de paridad entre personas pertenecientes a hogares que se encuentran en el nivel de ingresos inferior y superior de la población entre 18 y 64 años que ha realizado actividades educativas en los últimos 12 meses,Cantabria,0.58
2010,Índice de paridad entre mujeres y hombres de la población entre 15 y 64 años que ha realizado estudios o formación en las últimas cuatro semanas,España,1.11
2010,Índice de paridad entre mujeres y hombres de la población entre 15 y 64 años que ha realizado estudios o formación en las últimas cuatro semanas,España,1.11
2011,Índice de paridad entre mujeres y hombres de la población entre 15 y 64 años que ha realizado estudios o formación en las últimas cuatro semanas,España,1.11
2011,Índice de paridad entre mujeres y hombres de la población entre 15 y 64 años que ha realizado estudios o formación en las últimas cuatro semanas,España,1.11
2012,Índice de paridad entre mujeres y hombres de la población entre 15 y 64 años que ha realizado estudios o formación en las últimas cuatro semanas,España,1.1
2012,Índice de paridad entre mujeres y hombres de la población entre 15 y 64 años que ha realizado estudios o formación en las últimas cuatro semanas,España,1.1
2013,Índice de paridad entre mujeres y hombres de la población entre 15 y 64 años que ha realizado estudios o formación en las últimas cuatro semanas,España,1.09
2013,Índice de paridad entre mujeres y hombres de la población entre 15 y 64 años que ha realizado estudios o formación en las últimas cuatro semanas,España,1.09
2014,Índice de paridad entre mujeres y hombres de la población entre 15 y 64 años que ha realizado estudios o formación en las últimas cuatro semanas,España,1.08
2014,Índice de paridad entre mujeres y hombres de la población entre 15 y 64 años que ha realizado estudios o formación en las últimas cuatro semanas,España,1.08
2015,Índice de paridad entre mujeres y hombres de la población entre 15 y 64 años que ha realizado estudios o formación en las últimas cuatro semanas,España,1.08
2015,Índice de paridad entre mujeres y hombres de la población entre 15 y 64 años que ha realizado estudios o formación en las últimas cuatro semanas,España,1.08
2016,Índice de paridad entre mujeres y hombres de la población entre 15 y 64 años que ha realizado estudios o formación en las últimas cuatro semanas,España,1.08
2016,Índice de paridad entre mujeres y hombres de la población entre 15 y 64 años que ha realizado estudios o formación en las últimas cuatro semanas,España,1.08
2017,Índice de paridad entre mujeres y hombres de la población entre 15 y 64 años que ha realizado estudios o formación en las últimas cuatro semanas,España,1.07
2017,Índice de paridad entre mujeres y hombres de la población entre 15 y 64 años que ha realizado estudios o formación en las últimas cuatro semanas,España,1.07
2018,Índice de paridad entre mujeres y hombres de la población entre 15 y 64 años que ha realizado estudios o formación en las últimas cuatro semanas,España,1.1
2018,Índice de paridad entre mujeres y hombres de la población entre 15 y 64 años que ha realizado estudios o formación en las últimas cuatro semanas,España,1.1
2019,Índice de paridad entre mujeres y hombres de la población entre 15 y 64 años que ha realizado estudios o formación en las últimas cuatro semanas,España,1.12
2019,Índice de paridad entre mujeres y hombres de la población entre 15 y 64 años que ha realizado estudios o formación en las últimas cuatro semanas,España,1.12
2020,Índice de paridad entre mujeres y hombres de la población entre 15 y 64 años que ha realizado estudios o formación en las últimas cuatro semanas,España,1.12
2020,Índice de paridad entre mujeres y hombres de la población entre 15 y 64 años que ha realizado estudios o formación en las últimas cuatro semanas,España,1.12
2021,Índice de paridad entre mujeres y hombres de la población entre 15 y 64 años que ha realizado estudios o formación en las últimas cuatro semanas,España,1.15
2010,Índice de paridad entre mujeres y hombres de la población entre 15 y 64 años que ha realizado estudios o formación en las últimas cuatro semanas,Cantabria,1.05
2010,Índice de paridad entre mujeres y hombres de la población entre 15 y 64 años que ha realizado estudios o formación en las últimas cuatro semanas,Cantabria,105.0
2011,Índice de paridad entre mujeres y hombres de la población entre 15 y 64 años que ha realizado estudios o formación en las últimas cuatro semanas,Cantabria,1.08
2011,Índice de paridad entre mujeres y hombres de la población entre 15 y 64 años que ha realizado estudios o formación en las últimas cuatro semanas,Cantabria,108.26
2012,Índice de paridad entre mujeres y hombres de la población entre 15 y 64 años que ha realizado estudios o formación en las últimas cuatro semanas,Cantabria,1.1
2012,Índice de paridad entre mujeres y hombres de la población entre 15 y 64 años que ha realizado estudios o formación en las últimas cuatro semanas,Cantabria,110.4
2013,Índice de paridad entre mujeres y hombres de la población entre 15 y 64 años que ha realizado estudios o formación en las últimas cuatro semanas,Cantabria,1.12
2013,Índice de paridad entre mujeres y hombres de la población entre 15 y 64 años que ha realizado estudios o formación en las últimas cuatro semanas,Cantabria,112.19
2014,Índice de paridad entre mujeres y hombres de la población entre 15 y 64 años que ha realizado estudios o formación en las últimas cuatro semanas,Cantabria,1.09
2014,Índice de paridad entre mujeres y hombres de la población entre 15 y 64 años que ha realizado estudios o formación en las últimas cuatro semanas,Cantabria,109.04
2015,Índice de paridad entre mujeres y hombres de la población entre 15 y 64 años que ha realizado estudios o formación en las últimas cuatro semanas,Cantabria,1.05
2015,Índice de paridad entre mujeres y hombres de la población entre 15 y 64 años que ha realizado estudios o formación en las últimas cuatro semanas,Cantabria,104.93
2016,Índice de paridad entre mujeres y hombres de la población entre 15 y 64 años que ha realizado estudios o formación en las últimas cuatro semanas,Cantabria,0.97
2016,Índice de paridad entre mujeres y hombres de la población entre 15 y 64 años que ha realizado estudios o formación en las últimas cuatro semanas,Cantabria,97.01
2017,Índice de paridad entre mujeres y hombres de la población entre 15 y 64 años que ha realizado estudios o formación en las últimas cuatro semanas,Cantabria,1.04
2017,Índice de paridad entre mujeres y hombres de la población entre 15 y 64 años que ha realizado estudios o formación en las últimas cuatro semanas,Cantabria,104.37
2018,Índice de paridad entre mujeres y hombres de la población entre 15 y 64 años que ha realizado estudios o formación en las últimas cuatro semanas,Cantabria,1.11
2018,Índice de paridad entre mujeres y hombres de la población entre 15 y 64 años que ha realizado estudios o formación en las últimas cuatro semanas,Cantabria,110.64
2019,Índice de paridad entre mujeres y hombres de la población entre 15 y 64 años que ha realizado estudios o formación en las últimas cuatro semanas,Cantabria,1.19
2019,Índice de paridad entre mujeres y hombres de la población entre 15 y 64 años que ha realizado estudios o formación en las últimas cuatro semanas,Cantabria,118.83
2020,Índice de paridad entre mujeres y hombres de la población entre 15 y 64 años que ha realizado estudios o formación en las últimas cuatro semanas,Cantabria,1.14
2020,Índice de paridad entre mujeres y hombres de la población entre 15 y 64 años que ha realizado estudios o formación en las últimas cuatro semanas,Cantabria,114.43
2021,Índice de paridad entre mujeres y hombres de la población entre 15 y 64 años que ha realizado estudios o formación en las últimas cuatro semanas,Cantabria,1.1
