Year,Serie,RefArea,Value
2010,Proporción del profesorado de educación preescolar que ha recibido al menos la mínima formación docente exigida para impartir enseñanza a ese nivel educativo,España,100.0
2011,Proporción del profesorado de educación preescolar que ha recibido al menos la mínima formación docente exigida para impartir enseñanza a ese nivel educativo,España,100.0
2012,Proporción del profesorado de educación preescolar que ha recibido al menos la mínima formación docente exigida para impartir enseñanza a ese nivel educativo,España,100.0
2013,Proporción del profesorado de educación preescolar que ha recibido al menos la mínima formación docente exigida para impartir enseñanza a ese nivel educativo,España,100.0
2014,Proporción del profesorado de educación preescolar que ha recibido al menos la mínima formación docente exigida para impartir enseñanza a ese nivel educativo,España,100.0
2015,Proporción del profesorado de educación preescolar que ha recibido al menos la mínima formación docente exigida para impartir enseñanza a ese nivel educativo,España,100.0
2016,Proporción del profesorado de educación preescolar que ha recibido al menos la mínima formación docente exigida para impartir enseñanza a ese nivel educativo,España,100.0
2017,Proporción del profesorado de educación preescolar que ha recibido al menos la mínima formación docente exigida para impartir enseñanza a ese nivel educativo,España,100.0
2018,Proporción del profesorado de educación preescolar que ha recibido al menos la mínima formación docente exigida para impartir enseñanza a ese nivel educativo,España,100.0
2019,Proporción del profesorado de educación preescolar que ha recibido al menos la mínima formación docente exigida para impartir enseñanza a ese nivel educativo,España,100.0
2020,Proporción del profesorado de educación preescolar que ha recibido al menos la mínima formación docente exigida para impartir enseñanza a ese nivel educativo,España,100.0
2010,Proporción del profesorado de educación preescolar que ha recibido al menos la mínima formación docente exigida para impartir enseñanza a ese nivel educativo,Cantabria,100.0
2011,Proporción del profesorado de educación preescolar que ha recibido al menos la mínima formación docente exigida para impartir enseñanza a ese nivel educativo,Cantabria,100.0
2012,Proporción del profesorado de educación preescolar que ha recibido al menos la mínima formación docente exigida para impartir enseñanza a ese nivel educativo,Cantabria,100.0
2013,Proporción del profesorado de educación preescolar que ha recibido al menos la mínima formación docente exigida para impartir enseñanza a ese nivel educativo,Cantabria,100.0
2014,Proporción del profesorado de educación preescolar que ha recibido al menos la mínima formación docente exigida para impartir enseñanza a ese nivel educativo,Cantabria,100.0
2015,Proporción del profesorado de educación preescolar que ha recibido al menos la mínima formación docente exigida para impartir enseñanza a ese nivel educativo,Cantabria,100.0
2016,Proporción del profesorado de educación preescolar que ha recibido al menos la mínima formación docente exigida para impartir enseñanza a ese nivel educativo,Cantabria,100.0
2017,Proporción del profesorado de educación preescolar que ha recibido al menos la mínima formación docente exigida para impartir enseñanza a ese nivel educativo,Cantabria,100.0
2018,Proporción del profesorado de educación preescolar que ha recibido al menos la mínima formación docente exigida para impartir enseñanza a ese nivel educativo,Cantabria,100.0
2019,Proporción del profesorado de educación preescolar que ha recibido al menos la mínima formación docente exigida para impartir enseñanza a ese nivel educativo,Cantabria,100.0
2020,Proporción del profesorado de educación preescolar que ha recibido al menos la mínima formación docente exigida para impartir enseñanza a ese nivel educativo,Cantabria,100.0
2010,Proporción del profesorado de educación primaria que ha recibido al menos la mínima formación docente exigida para impartir enseñanza a ese nivel educativo,España,100.0
2011,Proporción del profesorado de educación primaria que ha recibido al menos la mínima formación docente exigida para impartir enseñanza a ese nivel educativo,España,100.0
2012,Proporción del profesorado de educación primaria que ha recibido al menos la mínima formación docente exigida para impartir enseñanza a ese nivel educativo,España,100.0
2013,Proporción del profesorado de educación primaria que ha recibido al menos la mínima formación docente exigida para impartir enseñanza a ese nivel educativo,España,100.0
2014,Proporción del profesorado de educación primaria que ha recibido al menos la mínima formación docente exigida para impartir enseñanza a ese nivel educativo,España,100.0
2015,Proporción del profesorado de educación primaria que ha recibido al menos la mínima formación docente exigida para impartir enseñanza a ese nivel educativo,España,100.0
2016,Proporción del profesorado de educación primaria que ha recibido al menos la mínima formación docente exigida para impartir enseñanza a ese nivel educativo,España,100.0
2017,Proporción del profesorado de educación primaria que ha recibido al menos la mínima formación docente exigida para impartir enseñanza a ese nivel educativo,España,100.0
2018,Proporción del profesorado de educación primaria que ha recibido al menos la mínima formación docente exigida para impartir enseñanza a ese nivel educativo,España,100.0
2019,Proporción del profesorado de educación primaria que ha recibido al menos la mínima formación docente exigida para impartir enseñanza a ese nivel educativo,España,100.0
2020,Proporción del profesorado de educación primaria que ha recibido al menos la mínima formación docente exigida para impartir enseñanza a ese nivel educativo,España,100.0
2010,Proporción del profesorado de educación primaria que ha recibido al menos la mínima formación docente exigida para impartir enseñanza a ese nivel educativo,Cantabria,100.0
2011,Proporción del profesorado de educación primaria que ha recibido al menos la mínima formación docente exigida para impartir enseñanza a ese nivel educativo,Cantabria,100.0
2012,Proporción del profesorado de educación primaria que ha recibido al menos la mínima formación docente exigida para impartir enseñanza a ese nivel educativo,Cantabria,100.0
2013,Proporción del profesorado de educación primaria que ha recibido al menos la mínima formación docente exigida para impartir enseñanza a ese nivel educativo,Cantabria,100.0
2014,Proporción del profesorado de educación primaria que ha recibido al menos la mínima formación docente exigida para impartir enseñanza a ese nivel educativo,Cantabria,100.0
2015,Proporción del profesorado de educación primaria que ha recibido al menos la mínima formación docente exigida para impartir enseñanza a ese nivel educativo,Cantabria,100.0
2016,Proporción del profesorado de educación primaria que ha recibido al menos la mínima formación docente exigida para impartir enseñanza a ese nivel educativo,Cantabria,100.0
2017,Proporción del profesorado de educación primaria que ha recibido al menos la mínima formación docente exigida para impartir enseñanza a ese nivel educativo,Cantabria,100.0
2018,Proporción del profesorado de educación primaria que ha recibido al menos la mínima formación docente exigida para impartir enseñanza a ese nivel educativo,Cantabria,100.0
2019,Proporción del profesorado de educación primaria que ha recibido al menos la mínima formación docente exigida para impartir enseñanza a ese nivel educativo,Cantabria,100.0
2020,Proporción del profesorado de educación primaria que ha recibido al menos la mínima formación docente exigida para impartir enseñanza a ese nivel educativo,Cantabria,100.0
2010,Proporción del profesorado de educación secundaria inferior que ha recibido al menos la mínima formación docente exigida para impartir enseñanza a ese nivel educativo,España,100.0
2011,Proporción del profesorado de educación secundaria inferior que ha recibido al menos la mínima formación docente exigida para impartir enseñanza a ese nivel educativo,España,100.0
2012,Proporción del profesorado de educación secundaria inferior que ha recibido al menos la mínima formación docente exigida para impartir enseñanza a ese nivel educativo,España,100.0
2013,Proporción del profesorado de educación secundaria inferior que ha recibido al menos la mínima formación docente exigida para impartir enseñanza a ese nivel educativo,España,100.0
2014,Proporción del profesorado de educación secundaria inferior que ha recibido al menos la mínima formación docente exigida para impartir enseñanza a ese nivel educativo,España,100.0
2015,Proporción del profesorado de educación secundaria inferior que ha recibido al menos la mínima formación docente exigida para impartir enseñanza a ese nivel educativo,España,100.0
2016,Proporción del profesorado de educación secundaria inferior que ha recibido al menos la mínima formación docente exigida para impartir enseñanza a ese nivel educativo,España,100.0
2017,Proporción del profesorado de educación secundaria inferior que ha recibido al menos la mínima formación docente exigida para impartir enseñanza a ese nivel educativo,España,100.0
2018,Proporción del profesorado de educación secundaria inferior que ha recibido al menos la mínima formación docente exigida para impartir enseñanza a ese nivel educativo,España,100.0
2019,Proporción del profesorado de educación secundaria inferior que ha recibido al menos la mínima formación docente exigida para impartir enseñanza a ese nivel educativo,España,100.0
2020,Proporción del profesorado de educación secundaria inferior que ha recibido al menos la mínima formación docente exigida para impartir enseñanza a ese nivel educativo,España,100.0
2010,Proporción del profesorado de educación secundaria inferior que ha recibido al menos la mínima formación docente exigida para impartir enseñanza a ese nivel educativo,Cantabria,100.0
2011,Proporción del profesorado de educación secundaria inferior que ha recibido al menos la mínima formación docente exigida para impartir enseñanza a ese nivel educativo,Cantabria,100.0
2012,Proporción del profesorado de educación secundaria inferior que ha recibido al menos la mínima formación docente exigida para impartir enseñanza a ese nivel educativo,Cantabria,100.0
2013,Proporción del profesorado de educación secundaria inferior que ha recibido al menos la mínima formación docente exigida para impartir enseñanza a ese nivel educativo,Cantabria,100.0
2014,Proporción del profesorado de educación secundaria inferior que ha recibido al menos la mínima formación docente exigida para impartir enseñanza a ese nivel educativo,Cantabria,100.0
2015,Proporción del profesorado de educación secundaria inferior que ha recibido al menos la mínima formación docente exigida para impartir enseñanza a ese nivel educativo,Cantabria,100.0
2016,Proporción del profesorado de educación secundaria inferior que ha recibido al menos la mínima formación docente exigida para impartir enseñanza a ese nivel educativo,Cantabria,100.0
2017,Proporción del profesorado de educación secundaria inferior que ha recibido al menos la mínima formación docente exigida para impartir enseñanza a ese nivel educativo,Cantabria,100.0
2018,Proporción del profesorado de educación secundaria inferior que ha recibido al menos la mínima formación docente exigida para impartir enseñanza a ese nivel educativo,Cantabria,100.0
2019,Proporción del profesorado de educación secundaria inferior que ha recibido al menos la mínima formación docente exigida para impartir enseñanza a ese nivel educativo,Cantabria,100.0
2020,Proporción del profesorado de educación secundaria inferior que ha recibido al menos la mínima formación docente exigida para impartir enseñanza a ese nivel educativo,Cantabria,100.0
2010,Proporción del profesorado de educación secundaria superior que ha recibido al menos la mínima formación docente exigida para impartir enseñanza a ese nivel educativo,España,100.0
2011,Proporción del profesorado de educación secundaria superior que ha recibido al menos la mínima formación docente exigida para impartir enseñanza a ese nivel educativo,España,100.0
2012,Proporción del profesorado de educación secundaria superior que ha recibido al menos la mínima formación docente exigida para impartir enseñanza a ese nivel educativo,España,100.0
2013,Proporción del profesorado de educación secundaria superior que ha recibido al menos la mínima formación docente exigida para impartir enseñanza a ese nivel educativo,España,100.0
2014,Proporción del profesorado de educación secundaria superior que ha recibido al menos la mínima formación docente exigida para impartir enseñanza a ese nivel educativo,España,100.0
2015,Proporción del profesorado de educación secundaria superior que ha recibido al menos la mínima formación docente exigida para impartir enseñanza a ese nivel educativo,España,100.0
2016,Proporción del profesorado de educación secundaria superior que ha recibido al menos la mínima formación docente exigida para impartir enseñanza a ese nivel educativo,España,100.0
2017,Proporción del profesorado de educación secundaria superior que ha recibido al menos la mínima formación docente exigida para impartir enseñanza a ese nivel educativo,España,100.0
2018,Proporción del profesorado de educación secundaria superior que ha recibido al menos la mínima formación docente exigida para impartir enseñanza a ese nivel educativo,España,100.0
2019,Proporción del profesorado de educación secundaria superior que ha recibido al menos la mínima formación docente exigida para impartir enseñanza a ese nivel educativo,España,100.0
2020,Proporción del profesorado de educación secundaria superior que ha recibido al menos la mínima formación docente exigida para impartir enseñanza a ese nivel educativo,España,100.0
2010,Proporción del profesorado de educación secundaria superior que ha recibido al menos la mínima formación docente exigida para impartir enseñanza a ese nivel educativo,Cantabria,100.0
2011,Proporción del profesorado de educación secundaria superior que ha recibido al menos la mínima formación docente exigida para impartir enseñanza a ese nivel educativo,Cantabria,100.0
2012,Proporción del profesorado de educación secundaria superior que ha recibido al menos la mínima formación docente exigida para impartir enseñanza a ese nivel educativo,Cantabria,100.0
2013,Proporción del profesorado de educación secundaria superior que ha recibido al menos la mínima formación docente exigida para impartir enseñanza a ese nivel educativo,Cantabria,100.0
2014,Proporción del profesorado de educación secundaria superior que ha recibido al menos la mínima formación docente exigida para impartir enseñanza a ese nivel educativo,Cantabria,100.0
2015,Proporción del profesorado de educación secundaria superior que ha recibido al menos la mínima formación docente exigida para impartir enseñanza a ese nivel educativo,Cantabria,100.0
2016,Proporción del profesorado de educación secundaria superior que ha recibido al menos la mínima formación docente exigida para impartir enseñanza a ese nivel educativo,Cantabria,100.0
2017,Proporción del profesorado de educación secundaria superior que ha recibido al menos la mínima formación docente exigida para impartir enseñanza a ese nivel educativo,Cantabria,100.0
2018,Proporción del profesorado de educación secundaria superior que ha recibido al menos la mínima formación docente exigida para impartir enseñanza a ese nivel educativo,Cantabria,100.0
2019,Proporción del profesorado de educación secundaria superior que ha recibido al menos la mínima formación docente exigida para impartir enseñanza a ese nivel educativo,Cantabria,100.0
2020,Proporción del profesorado de educación secundaria superior que ha recibido al menos la mínima formación docente exigida para impartir enseñanza a ese nivel educativo,Cantabria,100.0
