Year,Serie,RefArea,Value
2010,Valor añadido del sector manufacturo en proporción al PIB y per cápita,España,2671.08
2011,Valor añadido del sector manufacturo en proporción al PIB y per cápita,España,2618.51
2012,Valor añadido del sector manufacturo en proporción al PIB y per cápita,España,2463.77
2013,Valor añadido del sector manufacturo en proporción al PIB y per cápita,España,2447.71
2014,Valor añadido del sector manufacturo en proporción al PIB y per cápita,España,2505.82
2015,Valor añadido del sector manufacturo en proporción al PIB y per cápita,España,2623.82
2016,Valor añadido del sector manufacturo en proporción al PIB y per cápita,España,2682.66
2017,Valor añadido del sector manufacturo en proporción al PIB y per cápita,España,2829.62
2018,Valor añadido del sector manufacturo en proporción al PIB y per cápita,España,2785.41
2019,Valor añadido del sector manufacturo en proporción al PIB y per cápita,España,2781.13
2010,Valor añadido del sector manufacturo en proporción al PIB y per cápita,Cantabria,3413.66
2011,Valor añadido del sector manufacturo en proporción al PIB y per cápita,Cantabria,3500.75
2012,Valor añadido del sector manufacturo en proporción al PIB y per cápita,Cantabria,3379.41
2013,Valor añadido del sector manufacturo en proporción al PIB y per cápita,Cantabria,3084.04
2014,Valor añadido del sector manufacturo en proporción al PIB y per cápita,Cantabria,3334.43
2015,Valor añadido del sector manufacturo en proporción al PIB y per cápita,Cantabria,3245.29
2016,Valor añadido del sector manufacturo en proporción al PIB y per cápita,Cantabria,3321.91
2017,Valor añadido del sector manufacturo en proporción al PIB y per cápita,Cantabria,3700.24
2018,Valor añadido del sector manufacturo en proporción al PIB y per cápita,Cantabria,3925.41
2019,Valor añadido del sector manufacturo en proporción al PIB y per cápita,Cantabria,3871.8
2010,Valor añadido del sector manufacturo en proporción al PIB y per cápita,España,11.53
2011,Valor añadido del sector manufacturo en proporción al PIB y per cápita,España,11.44
2012,Valor añadido del sector manufacturo en proporción al PIB y per cápita,España,11.09
2013,Valor añadido del sector manufacturo en proporción al PIB y per cápita,España,11.14
2014,Valor añadido del sector manufacturo en proporción al PIB y per cápita,España,11.22
2015,Valor añadido del sector manufacturo en proporción al PIB y per cápita,España,11.3
2016,Valor añadido del sector manufacturo en proporción al PIB y per cápita,España,11.22
2017,Valor añadido del sector manufacturo en proporción al PIB y per cápita,España,11.52
2018,Valor añadido del sector manufacturo en proporción al PIB y per cápita,España,11.13
2019,Valor añadido del sector manufacturo en proporción al PIB y per cápita,España,10.97
2010,Valor añadido del sector manufacturo en proporción al PIB y per cápita,Cantabria,15.68
2011,Valor añadido del sector manufacturo en proporción al PIB y per cápita,Cantabria,16.41
2012,Valor añadido del sector manufacturo en proporción al PIB y per cápita,Cantabria,16.42
2013,Valor añadido del sector manufacturo en proporción al PIB y per cápita,Cantabria,15.3
2014,Valor añadido del sector manufacturo en proporción al PIB y per cápita,Cantabria,16.21
2015,Valor añadido del sector manufacturo en proporción al PIB y per cápita,Cantabria,15.36
2016,Valor añadido del sector manufacturo en proporción al PIB y per cápita,Cantabria,15.16
2017,Valor añadido del sector manufacturo en proporción al PIB y per cápita,Cantabria,16.25
2018,Valor añadido del sector manufacturo en proporción al PIB y per cápita,Cantabria,16.52
2019,Valor añadido del sector manufacturo en proporción al PIB y per cápita,Cantabria,15.77
