Year,Serie,Región,Value
2011,Proporción de la población que vive en hogares con acceso a los servicios básicos,España,99.84
2011,Proporción de la población que vive en hogares con acceso a los servicios básicos,Cantabria,99.88
2011,Proporción de la población que vive en hogares con acceso a los servicios básicos,España,99.42
2011,Proporción de la población que vive en hogares con acceso a los servicios básicos,Cantabria,99.4
2011,Proporción de la población que vive en hogares con acceso a los servicios básicos,España,99.49
2011,Proporción de la población que vive en hogares con acceso a los servicios básicos,Cantabria,99.19
