Year,Serie,Value
2010,Tasa de crecimiento per cápita de los ingresos de los hogares del 40% más pobre de la población,0.0
2011,Tasa de crecimiento per cápita de los ingresos de los hogares del 40% más pobre de la población,0.0
2017,Tasa de crecimiento per cápita de los ingresos de los hogares del 40% más pobre de la población,2.9
2018,Tasa de crecimiento per cápita de los ingresos de los hogares del 40% más pobre de la población,2.8
2012,Tasa de crecimiento per cápita de los ingresos de los hogares de la población total,0.0
2013,Tasa de crecimiento per cápita de los ingresos de los hogares de la población total,0.0
2014,Tasa de crecimiento per cápita de los ingresos de los hogares de la población total,0.0
2015,Tasa de crecimiento per cápita de los ingresos de los hogares de la población total,-1.1
