Year,Serie,Región,Value
2010,"Proporción de personas que viven por debajo del 50% de la mediana de los ingresos, considerando la mediana nacional",España,13.8
2011,"Proporción de personas que viven por debajo del 50% de la mediana de los ingresos, considerando la mediana nacional",España,13.77
2012,"Proporción de personas que viven por debajo del 50% de la mediana de los ingresos, considerando la mediana nacional",España,14.36
2013,"Proporción de personas que viven por debajo del 50% de la mediana de los ingresos, considerando la mediana nacional",España,13.89
2014,"Proporción de personas que viven por debajo del 50% de la mediana de los ingresos, considerando la mediana nacional",España,15.9
2015,"Proporción de personas que viven por debajo del 50% de la mediana de los ingresos, considerando la mediana nacional",España,15.93
2016,"Proporción de personas que viven por debajo del 50% de la mediana de los ingresos, considerando la mediana nacional",España,15.48
2017,"Proporción de personas que viven por debajo del 50% de la mediana de los ingresos, considerando la mediana nacional",España,15.71
2018,"Proporción de personas que viven por debajo del 50% de la mediana de los ingresos, considerando la mediana nacional",España,14.63
2019,"Proporción de personas que viven por debajo del 50% de la mediana de los ingresos, considerando la mediana nacional",España,13.58
2020,"Proporción de personas que viven por debajo del 50% de la mediana de los ingresos, considerando la mediana nacional",España,14.6
2021,"Proporción de personas que viven por debajo del 50% de la mediana de los ingresos, considerando la mediana nacional",España,15.12
2022,"Proporción de personas que viven por debajo del 50% de la mediana de los ingresos, considerando la mediana nacional",España,13.75
2023,"Proporción de personas que viven por debajo del 50% de la mediana de los ingresos, considerando la mediana nacional",España,13.06
2010,"Proporción de personas que viven por debajo del 50% de la mediana de los ingresos, considerando la mediana nacional",Cantabria,11.71
2011,"Proporción de personas que viven por debajo del 50% de la mediana de los ingresos, considerando la mediana nacional",Cantabria,10.04
2012,"Proporción de personas que viven por debajo del 50% de la mediana de los ingresos, considerando la mediana nacional",Cantabria,11.53
2013,"Proporción de personas que viven por debajo del 50% de la mediana de los ingresos, considerando la mediana nacional",Cantabria,9.91
2014,"Proporción de personas que viven por debajo del 50% de la mediana de los ingresos, considerando la mediana nacional",Cantabria,12.15
2015,"Proporción de personas que viven por debajo del 50% de la mediana de los ingresos, considerando la mediana nacional",Cantabria,9.95
2016,"Proporción de personas que viven por debajo del 50% de la mediana de los ingresos, considerando la mediana nacional",Cantabria,11.63
2017,"Proporción de personas que viven por debajo del 50% de la mediana de los ingresos, considerando la mediana nacional",Cantabria,10.11
2018,"Proporción de personas que viven por debajo del 50% de la mediana de los ingresos, considerando la mediana nacional",Cantabria,13.87
2019,"Proporción de personas que viven por debajo del 50% de la mediana de los ingresos, considerando la mediana nacional",Cantabria,9.41
2020,"Proporción de personas que viven por debajo del 50% de la mediana de los ingresos, considerando la mediana nacional",Cantabria,11.51
2021,"Proporción de personas que viven por debajo del 50% de la mediana de los ingresos, considerando la mediana nacional",Cantabria,9.84
2022,"Proporción de personas que viven por debajo del 50% de la mediana de los ingresos, considerando la mediana nacional",Cantabria,8.44
2023,"Proporción de personas que viven por debajo del 50% de la mediana de los ingresos, considerando la mediana nacional",Cantabria,9.86
2010,"Proporción de personas que viven por debajo del 50% de la mediana de los ingresos, considerando la mediana autonómica",España,13.47
2011,"Proporción de personas que viven por debajo del 50% de la mediana de los ingresos, considerando la mediana autonómica",España,13.0
2012,"Proporción de personas que viven por debajo del 50% de la mediana de los ingresos, considerando la mediana autonómica",España,13.83
2013,"Proporción de personas que viven por debajo del 50% de la mediana de los ingresos, considerando la mediana autonómica",España,13.34
2014,"Proporción de personas que viven por debajo del 50% de la mediana de los ingresos, considerando la mediana autonómica",España,14.85
2015,"Proporción de personas que viven por debajo del 50% de la mediana de los ingresos, considerando la mediana autonómica",España,14.68
2016,"Proporción de personas que viven por debajo del 50% de la mediana de los ingresos, considerando la mediana autonómica",España,14.73
2017,"Proporción de personas que viven por debajo del 50% de la mediana de los ingresos, considerando la mediana autonómica",España,14.66
2018,"Proporción de personas que viven por debajo del 50% de la mediana de los ingresos, considerando la mediana autonómica",España,13.79
2019,"Proporción de personas que viven por debajo del 50% de la mediana de los ingresos, considerando la mediana autonómica",España,13.51
2020,"Proporción de personas que viven por debajo del 50% de la mediana de los ingresos, considerando la mediana autonómica",España,13.67
2021,"Proporción de personas que viven por debajo del 50% de la mediana de los ingresos, considerando la mediana autonómica",España,14.65
2022,"Proporción de personas que viven por debajo del 50% de la mediana de los ingresos, considerando la mediana autonómica",España,13.62
2023,"Proporción de personas que viven por debajo del 50% de la mediana de los ingresos, considerando la mediana autonómica",España,12.58
2010,"Proporción de personas que viven por debajo del 50% de la mediana de los ingresos, considerando la mediana autonómica",Cantabria,11.71
2011,"Proporción de personas que viven por debajo del 50% de la mediana de los ingresos, considerando la mediana autonómica",Cantabria,9.42
2012,"Proporción de personas que viven por debajo del 50% de la mediana de los ingresos, considerando la mediana autonómica",Cantabria,10.21
2013,"Proporción de personas que viven por debajo del 50% de la mediana de los ingresos, considerando la mediana autonómica",Cantabria,9.68
2014,"Proporción de personas que viven por debajo del 50% de la mediana de los ingresos, considerando la mediana autonómica",Cantabria,12.15
2015,"Proporción de personas que viven por debajo del 50% de la mediana de los ingresos, considerando la mediana autonómica",Cantabria,10.86
2016,"Proporción de personas que viven por debajo del 50% de la mediana de los ingresos, considerando la mediana autonómica",Cantabria,9.59
2017,"Proporción de personas que viven por debajo del 50% de la mediana de los ingresos, considerando la mediana autonómica",Cantabria,10.02
2018,"Proporción de personas que viven por debajo del 50% de la mediana de los ingresos, considerando la mediana autonómica",Cantabria,13.72
2019,"Proporción de personas que viven por debajo del 50% de la mediana de los ingresos, considerando la mediana autonómica",Cantabria,12.56
2020,"Proporción de personas que viven por debajo del 50% de la mediana de los ingresos, considerando la mediana autonómica",Cantabria,11.51
2021,"Proporción de personas que viven por debajo del 50% de la mediana de los ingresos, considerando la mediana autonómica",Cantabria,9.95
2022,"Proporción de personas que viven por debajo del 50% de la mediana de los ingresos, considerando la mediana autonómica",Cantabria,9.63
2023,"Proporción de personas que viven por debajo del 50% de la mediana de los ingresos, considerando la mediana autonómica",Cantabria,9.63
