Year,Serie,Región,Value
2010,Residuos urbanos recogidos per cápita,España,523.6
2011,Residuos urbanos recogidos per cápita,España,498.16
2012,Residuos urbanos recogidos per cápita,España,479.06
2013,Residuos urbanos recogidos per cápita,España,467.69
2014,Residuos urbanos recogidos per cápita,España,459.33
2015,Residuos urbanos recogidos per cápita,España,466.67
2016,Residuos urbanos recogidos per cápita,España,471.24
2017,Residuos urbanos recogidos per cápita,España,484.09
2018,Residuos urbanos recogidos per cápita,España,485.62
2019,Residuos urbanos recogidos per cápita,España,483.39
2020,Residuos urbanos recogidos per cápita,España,472.73
2021,Residuos urbanos recogidos per cápita,España,494.1
2022,Residuos urbanos recogidos per cápita,España,492.4
2010,Residuos urbanos recogidos per cápita,Cantabria,604.28
2011,Residuos urbanos recogidos per cápita,Cantabria,578.07
2012,Residuos urbanos recogidos per cápita,Cantabria,543.11
2013,Residuos urbanos recogidos per cápita,Cantabria,523.35
2014,Residuos urbanos recogidos per cápita,Cantabria,516.28
2015,Residuos urbanos recogidos per cápita,Cantabria,532.73
2016,Residuos urbanos recogidos per cápita,Cantabria,538.19
2017,Residuos urbanos recogidos per cápita,Cantabria,535.05
2018,Residuos urbanos recogidos per cápita,Cantabria,565.82
2019,Residuos urbanos recogidos per cápita,Cantabria,579.22
2020,Residuos urbanos recogidos per cápita,Cantabria,555.77
2021,Residuos urbanos recogidos per cápita,Cantabria,606.73
2022,Residuos urbanos recogidos per cápita,Cantabria,552.93
2014,Proporción de residuos municipales incinerados en relación al total de residuos municipales generados y tratados,España,11.8
2015,Proporción de residuos municipales incinerados en relación al total de residuos municipales generados y tratados,España,12.71
2016,Proporción de residuos municipales incinerados en relación al total de residuos municipales generados y tratados,España,12.02
2017,Proporción de residuos municipales incinerados en relación al total de residuos municipales generados y tratados,España,12.73
2018,Proporción de residuos municipales incinerados en relación al total de residuos municipales generados y tratados,España,11.59
2019,Proporción de residuos municipales incinerados en relación al total de residuos municipales generados y tratados,España,10.99
2020,Proporción de residuos municipales incinerados en relación al total de residuos municipales generados y tratados,España,10.35
2021,Proporción de residuos municipales incinerados en relación al total de residuos municipales generados y tratados,España,10.85
2014,Proporción de residuos municipales incinerados en relación al total de residuos municipales generados y tratados,Cantabria,44.06
2015,Proporción de residuos municipales incinerados en relación al total de residuos municipales generados y tratados,Cantabria,42.31
2016,Proporción de residuos municipales incinerados en relación al total de residuos municipales generados y tratados,Cantabria,42.07
2017,Proporción de residuos municipales incinerados en relación al total de residuos municipales generados y tratados,Cantabria,42.62
2018,Proporción de residuos municipales incinerados en relación al total de residuos municipales generados y tratados,Cantabria,40.61
2019,Proporción de residuos municipales incinerados en relación al total de residuos municipales generados y tratados,Cantabria,40.75
2020,Proporción de residuos municipales incinerados en relación al total de residuos municipales generados y tratados,Cantabria,43.17
2021,Proporción de residuos municipales incinerados en relación al total de residuos municipales generados y tratados,Cantabria,43.67
2014,Proporción de residuos municipales vertidos en relación al total de residuos municipales generados y tratados,España,56.89
2015,Proporción de residuos municipales vertidos en relación al total de residuos municipales generados y tratados,España,56.77
2016,Proporción de residuos municipales vertidos en relación al total de residuos municipales generados y tratados,España,54.12
2017,Proporción de residuos municipales vertidos en relación al total de residuos municipales generados y tratados,España,51.16
2018,Proporción de residuos municipales vertidos en relación al total de residuos municipales generados y tratados,España,53.39
2019,Proporción de residuos municipales vertidos en relación al total de residuos municipales generados y tratados,España,51.05
2020,Proporción de residuos municipales vertidos en relación al total de residuos municipales generados y tratados,España,50.74
2021,Proporción de residuos municipales vertidos en relación al total de residuos municipales generados y tratados,España,46.87
2014,Proporción de residuos municipales vertidos en relación al total de residuos municipales generados y tratados,Cantabria,19.46
2015,Proporción de residuos municipales vertidos en relación al total de residuos municipales generados y tratados,Cantabria,19.68
2016,Proporción de residuos municipales vertidos en relación al total de residuos municipales generados y tratados,Cantabria,23.14
2017,Proporción de residuos municipales vertidos en relación al total de residuos municipales generados y tratados,Cantabria,22.21
2018,Proporción de residuos municipales vertidos en relación al total de residuos municipales generados y tratados,Cantabria,30.68
2019,Proporción de residuos municipales vertidos en relación al total de residuos municipales generados y tratados,Cantabria,24.26
2020,Proporción de residuos municipales vertidos en relación al total de residuos municipales generados y tratados,Cantabria,24.21
2021,Proporción de residuos municipales vertidos en relación al total de residuos municipales generados y tratados,Cantabria,22.21
2014,Proporción de residuos municipales reciclados en relación al total de residuos municipales generados y tratados,España,31.31
2015,Proporción de residuos municipales reciclados en relación al total de residuos municipales generados y tratados,España,30.52
2016,Proporción de residuos municipales reciclados en relación al total de residuos municipales generados y tratados,España,33.86
2017,Proporción de residuos municipales reciclados en relación al total de residuos municipales generados y tratados,España,36.11
2018,Proporción de residuos municipales reciclados en relación al total de residuos municipales generados y tratados,España,35.02
2019,Proporción de residuos municipales reciclados en relación al total de residuos municipales generados y tratados,España,37.96
2020,Proporción de residuos municipales reciclados en relación al total de residuos municipales generados y tratados,España,38.91
2021,Proporción de residuos municipales reciclados en relación al total de residuos municipales generados y tratados,España,42.28
2014,Proporción de residuos municipales reciclados en relación al total de residuos municipales generados y tratados,Cantabria,36.49
2015,Proporción de residuos municipales reciclados en relación al total de residuos municipales generados y tratados,Cantabria,38.02
2016,Proporción de residuos municipales reciclados en relación al total de residuos municipales generados y tratados,Cantabria,34.79
2017,Proporción de residuos municipales reciclados en relación al total de residuos municipales generados y tratados,Cantabria,35.17
2018,Proporción de residuos municipales reciclados en relación al total de residuos municipales generados y tratados,Cantabria,28.71
2019,Proporción de residuos municipales reciclados en relación al total de residuos municipales generados y tratados,Cantabria,34.99
2020,Proporción de residuos municipales reciclados en relación al total de residuos municipales generados y tratados,Cantabria,32.58
2021,Proporción de residuos municipales reciclados en relación al total de residuos municipales generados y tratados,Cantabria,34.08
