Year,Serie,Age,Sex,Value
2010,Residuos urbanos recogidos per cápita y día,Todas las edades o no desagregado por edad,Ambos sexos o no desagregado por sexo,1.7
2011,Residuos urbanos recogidos per cápita y día,Todas las edades o no desagregado por edad,Ambos sexos o no desagregado por sexo,1.6
2012,Residuos urbanos recogidos per cápita y día,Todas las edades o no desagregado por edad,Ambos sexos o no desagregado por sexo,1.5
2013,Residuos urbanos recogidos per cápita y día,Todas las edades o no desagregado por edad,Ambos sexos o no desagregado por sexo,1.4
2014,Residuos urbanos recogidos per cápita y día,Todas las edades o no desagregado por edad,Ambos sexos o no desagregado por sexo,1.4
2015,Residuos urbanos recogidos per cápita y día,Todas las edades o no desagregado por edad,Ambos sexos o no desagregado por sexo,1.5
2016,Residuos urbanos recogidos per cápita y día,Todas las edades o no desagregado por edad,Ambos sexos o no desagregado por sexo,1.5
2017,Residuos urbanos recogidos per cápita y día,Todas las edades o no desagregado por edad,Ambos sexos o no desagregado por sexo,1.5
