Year,Serie,Región,Value
2013,Volumen de remesas (en dólares de los Estados Unidos) en proporción al PIB total,España,0.6
2014,Volumen de remesas (en dólares de los Estados Unidos) en proporción al PIB total,España,0.57
2015,Volumen de remesas (en dólares de los Estados Unidos) en proporción al PIB total,España,0.58
2016,Volumen de remesas (en dólares de los Estados Unidos) en proporción al PIB total,España,0.6
2017,Volumen de remesas (en dólares de los Estados Unidos) en proporción al PIB total,España,0.62
2018,Volumen de remesas (en dólares de los Estados Unidos) en proporción al PIB total,España,0.64
2019,Volumen de remesas (en dólares de los Estados Unidos) en proporción al PIB total,España,0.68
2013,Volumen de remesas (en dólares de los Estados Unidos) en proporción al PIB total,Cantabria,0.46
2014,Volumen de remesas (en dólares de los Estados Unidos) en proporción al PIB total,Cantabria,0.42
2015,Volumen de remesas (en dólares de los Estados Unidos) en proporción al PIB total,Cantabria,0.43
2016,Volumen de remesas (en dólares de los Estados Unidos) en proporción al PIB total,Cantabria,0.44
2017,Volumen de remesas (en dólares de los Estados Unidos) en proporción al PIB total,Cantabria,0.45
2018,Volumen de remesas (en dólares de los Estados Unidos) en proporción al PIB total,Cantabria,0.46
2019,Volumen de remesas (en dólares de los Estados Unidos) en proporción al PIB total,Cantabria,0.48
2013,Volumen de remesas (en dólares de los Estados Unidos) en proporción al PIB total,España,6161.0
2014,Volumen de remesas (en dólares de los Estados Unidos) en proporción al PIB total,España,5924.0
2015,Volumen de remesas (en dólares de los Estados Unidos) en proporción al PIB total,España,6256.0
2016,Volumen de remesas (en dólares de los Estados Unidos) en proporción al PIB total,España,6673.0
2017,Volumen de remesas (en dólares de los Estados Unidos) en proporción al PIB total,España,7242.0
2018,Volumen de remesas (en dólares de los Estados Unidos) en proporción al PIB total,España,7733.0
2019,Volumen de remesas (en dólares de los Estados Unidos) en proporción al PIB total,España,8480.0
2020,Volumen de remesas (en dólares de los Estados Unidos) en proporción al PIB total,España,8169.0
2013,Volumen de remesas (en dólares de los Estados Unidos) en proporción al PIB total,Cantabria,54.41
2014,Volumen de remesas (en dólares de los Estados Unidos) en proporción al PIB total,Cantabria,51.15
2015,Volumen de remesas (en dólares de los Estados Unidos) en proporción al PIB total,Cantabria,53.28
2016,Volumen de remesas (en dólares de los Estados Unidos) en proporción al PIB total,Cantabria,55.63
2017,Volumen de remesas (en dólares de los Estados Unidos) en proporción al PIB total,Cantabria,59.44
2018,Volumen de remesas (en dólares de los Estados Unidos) en proporción al PIB total,Cantabria,63.03
2019,Volumen de remesas (en dólares de los Estados Unidos) en proporción al PIB total,Cantabria,68.38
2020,Volumen de remesas (en dólares de los Estados Unidos) en proporción al PIB total,Cantabria,63.77
