Year,Serie,Age,Sex,Value
2010,Proporción de personas entre 16 y 74 años que han utilizado Internet en los últimos tres meses,16 a 74 años,Ambos sexos o no desagregado por sexo,62.7
2011,Proporción de personas entre 16 y 74 años que han utilizado Internet en los últimos tres meses,16 a 74 años,Ambos sexos o no desagregado por sexo,69.6
2012,Proporción de personas entre 16 y 74 años que han utilizado Internet en los últimos tres meses,16 a 74 años,Ambos sexos o no desagregado por sexo,70.4
2013,Proporción de personas entre 16 y 74 años que han utilizado Internet en los últimos tres meses,16 a 74 años,Ambos sexos o no desagregado por sexo,73.9
2014,Proporción de personas entre 16 y 74 años que han utilizado Internet en los últimos tres meses,16 a 74 años,Ambos sexos o no desagregado por sexo,74.8
2015,Proporción de personas entre 16 y 74 años que han utilizado Internet en los últimos tres meses,16 a 74 años,Ambos sexos o no desagregado por sexo,78.8
2017,Proporción de personas entre 16 y 74 años que han utilizado Internet en los últimos tres meses,16 a 74 años,Ambos sexos o no desagregado por sexo,82.7
2019,Proporción de personas entre 16 y 74 años que han utilizado Internet en los últimos tres meses,16 a 74 años,Ambos sexos o no desagregado por sexo,89.1
