Year,Serie,Región,Value
2012,Incidencia de la tuberculosis,España,12.79
2013,Incidencia de la tuberculosis,España,11.9
2014,Incidencia de la tuberculosis,España,11.44
2015,Incidencia de la tuberculosis,España,10.82
2016,Incidencia de la tuberculosis,España,10.93
2017,Incidencia de la tuberculosis,España,10.07
2018,Incidencia de la tuberculosis,España,10.0
2019,Incidencia de la tuberculosis,España,9.98
2020,Incidencia de la tuberculosis,España,7.76
2021,Incidencia de la tuberculosis,España,7.71
2022,Incidencia de la tuberculosis,España,7.62
2023,Incidencia de la tuberculosis,España,8.16
2012,Incidencia de la tuberculosis en los hombres,España,16.25
2013,Incidencia de la tuberculosis en los hombres,España,14.45
2014,Incidencia de la tuberculosis en los hombres,España,14.07
2015,Incidencia de la tuberculosis en los hombres,España,13.33
2016,Incidencia de la tuberculosis en los hombres,España,13.79
2017,Incidencia de la tuberculosis en los hombres,España,13.0
2018,Incidencia de la tuberculosis en los hombres,España,12.77
2019,Incidencia de la tuberculosis en los hombres,España,12.77
2020,Incidencia de la tuberculosis en los hombres,España,9.96
2021,Incidencia de la tuberculosis en los hombres,España,9.8
2022,Incidencia de la tuberculosis en los hombres,España,9.88
2023,Incidencia de la tuberculosis en los hombres,España,10.86
2012,Incidencia de la tuberculosis en las mujeres,España,9.41
2013,Incidencia de la tuberculosis en las mujeres,España,9.42
2014,Incidencia de la tuberculosis en las mujeres,España,8.9
2015,Incidencia de la tuberculosis en las mujeres,España,8.39
2016,Incidencia de la tuberculosis en las mujeres,España,8.16
2017,Incidencia de la tuberculosis en las mujeres,España,7.25
2018,Incidencia de la tuberculosis en las mujeres,España,7.33
2019,Incidencia de la tuberculosis en las mujeres,España,7.3
2020,Incidencia de la tuberculosis en las mujeres,España,5.65
2021,Incidencia de la tuberculosis en las mujeres,España,5.7
2022,Incidencia de la tuberculosis en las mujeres,España,5.44
2023,Incidencia de la tuberculosis en las mujeres,España,5.56
