Year,Serie,Age,Sex,Value
2010,Tasa de mortalidad por suicidio,Todas las edades o no desagregado por edad,Ambos sexos o no desagregado por sexo,3.4
2011,Tasa de mortalidad por suicidio,Todas las edades o no desagregado por edad,Ambos sexos o no desagregado por sexo,6.3
2012,Tasa de mortalidad por suicidio,Todas las edades o no desagregado por edad,Ambos sexos o no desagregado por sexo,6.1
2013,Tasa de mortalidad por suicidio,Todas las edades o no desagregado por edad,Ambos sexos o no desagregado por sexo,5.4
2014,Tasa de mortalidad por suicidio,Todas las edades o no desagregado por edad,Ambos sexos o no desagregado por sexo,6.5
2015,Tasa de mortalidad por suicidio,Todas las edades o no desagregado por edad,Ambos sexos o no desagregado por sexo,6.5
2016,Tasa de mortalidad por suicidio,Todas las edades o no desagregado por edad,Ambos sexos o no desagregado por sexo,7.1
2017,Tasa de mortalidad por suicidio,Todas las edades o no desagregado por edad,Ambos sexos o no desagregado por sexo,4.6
2018,Tasa de mortalidad por suicidio,Todas las edades o no desagregado por edad,Ambos sexos o no desagregado por sexo,4.8
