Year,Serie,Área,Value
2010,Proporción de mujeres de 16 y 17 años que han contraído matrimonio con un hombre,España,0.03
2011,Proporción de mujeres de 16 y 17 años que han contraído matrimonio con un hombre,España,0.03
2012,Proporción de mujeres de 16 y 17 años que han contraído matrimonio con un hombre,España,0.02
2013,Proporción de mujeres de 16 y 17 años que han contraído matrimonio con un hombre,España,0.02
2014,Proporción de mujeres de 16 y 17 años que han contraído matrimonio con un hombre,España,0.01
2015,Proporción de mujeres de 16 y 17 años que han contraído matrimonio con un hombre,España,0.01
2016,Proporción de mujeres de 16 y 17 años que han contraído matrimonio con un hombre,España,0.01
2017,Proporción de mujeres de 16 y 17 años que han contraído matrimonio con un hombre,España,0.01
2018,Proporción de mujeres de 16 y 17 años que han contraído matrimonio con un hombre,España,0.01
2019,Proporción de mujeres de 16 y 17 años que han contraído matrimonio con un hombre,España,0.01
2010,Proporción de mujeres de 16 y 17 años que han contraído matrimonio con un hombre,Cantabria,0.0
2011,Proporción de mujeres de 16 y 17 años que han contraído matrimonio con un hombre,Cantabria,0.02
2012,Proporción de mujeres de 16 y 17 años que han contraído matrimonio con un hombre,Cantabria,0.0
2013,Proporción de mujeres de 16 y 17 años que han contraído matrimonio con un hombre,Cantabria,0.0
2014,Proporción de mujeres de 16 y 17 años que han contraído matrimonio con un hombre,Cantabria,0.05
2015,Proporción de mujeres de 16 y 17 años que han contraído matrimonio con un hombre,Cantabria,0.0
2016,Proporción de mujeres de 16 y 17 años que han contraído matrimonio con un hombre,Cantabria,0.02
2017,Proporción de mujeres de 16 y 17 años que han contraído matrimonio con un hombre,Cantabria,0.0
2018,Proporción de mujeres de 16 y 17 años que han contraído matrimonio con un hombre,Cantabria,0.02
2019,Proporción de mujeres de 16 y 17 años que han contraído matrimonio con un hombre,Cantabria,0.0
