Year,Serie,Age,Sex,Value
2009,"Proporción de mujeres titulares de explotaciones agrícolas, respecto al total de titulares de explotaciones agrícolas",Todas las edades o no desagregado por edad,Mujer,40.5
2013,"Proporción de mujeres titulares de explotaciones agrícolas, respecto al total de titulares de explotaciones agrícolas",Todas las edades o no desagregado por edad,Mujer,44.5
2016,"Proporción de mujeres titulares de explotaciones agrícolas, respecto al total de titulares de explotaciones agrícolas",Todas las edades o no desagregado por edad,Mujer,44.4
2009,"Proporción de mujeres titulares de explotaciones agrícolas en propiedad, respecto al total de titulares de explotaciones agrícolas en propiedad",Todas las edades o no desagregado por edad,Hombre,43.1
2013,"Proporción de mujeres titulares de explotaciones agrícolas en propiedad, respecto al total de titulares de explotaciones agrícolas en propiedad",Todas las edades o no desagregado por edad,Hombre,43.0
2016,"Proporción de mujeres titulares de explotaciones agrícolas en propiedad, respecto al total de titulares de explotaciones agrícolas en propiedad",Todas las edades o no desagregado por edad,Hombre,45.1
2009,"Proporción de mujeres titulares de explotaciones agrícolas en arrendamiento, respecto al total de titulares de explotaciones agrícolas en arrendamiento",Todas las edades o no desagregado por edad,Mujer,38.0
2013,"Proporción de mujeres titulares de explotaciones agrícolas en arrendamiento, respecto al total de titulares de explotaciones agrícolas en arrendamiento",Todas las edades o no desagregado por edad,Mujer,45.6
2016,"Proporción de mujeres titulares de explotaciones agrícolas en arrendamiento, respecto al total de titulares de explotaciones agrícolas en arrendamiento",Todas las edades o no desagregado por edad,Mujer,51.4
