Year,Serie,Área,Value
2010,"Proporción de jóvenes entre 15 y 24 años que no cursan estudios, no están empleados ni reciben formación",España,17.81
2011,"Proporción de jóvenes entre 15 y 24 años que no cursan estudios, no están empleados ni reciben formación",España,18.25
2012,"Proporción de jóvenes entre 15 y 24 años que no cursan estudios, no están empleados ni reciben formación",España,18.6
2013,"Proporción de jóvenes entre 15 y 24 años que no cursan estudios, no están empleados ni reciben formación",España,18.63
2014,"Proporción de jóvenes entre 15 y 24 años que no cursan estudios, no están empleados ni reciben formación",España,17.14
2015,"Proporción de jóvenes entre 15 y 24 años que no cursan estudios, no están empleados ni reciben formación",España,15.64
2016,"Proporción de jóvenes entre 15 y 24 años que no cursan estudios, no están empleados ni reciben formación",España,14.61
2017,"Proporción de jóvenes entre 15 y 24 años que no cursan estudios, no están empleados ni reciben formación",España,13.32
2018,"Proporción de jóvenes entre 15 y 24 años que no cursan estudios, no están empleados ni reciben formación",España,12.45
2019,"Proporción de jóvenes entre 15 y 24 años que no cursan estudios, no están empleados ni reciben formación",España,12.13
2010,"Proporción de jóvenes entre 15 y 24 años que no cursan estudios, no están empleados ni reciben formación",Cantabria,15.14
2011,"Proporción de jóvenes entre 15 y 24 años que no cursan estudios, no están empleados ni reciben formación",Cantabria,16.07
2012,"Proporción de jóvenes entre 15 y 24 años que no cursan estudios, no están empleados ni reciben formación",Cantabria,15.36
2013,"Proporción de jóvenes entre 15 y 24 años que no cursan estudios, no están empleados ni reciben formación",Cantabria,12.84
2014,"Proporción de jóvenes entre 15 y 24 años que no cursan estudios, no están empleados ni reciben formación",Cantabria,14.0
2015,"Proporción de jóvenes entre 15 y 24 años que no cursan estudios, no están empleados ni reciben formación",Cantabria,11.94
2016,"Proporción de jóvenes entre 15 y 24 años que no cursan estudios, no están empleados ni reciben formación",Cantabria,9.24
2017,"Proporción de jóvenes entre 15 y 24 años que no cursan estudios, no están empleados ni reciben formación",Cantabria,9.98
2018,"Proporción de jóvenes entre 15 y 24 años que no cursan estudios, no están empleados ni reciben formación",Cantabria,9.99
2019,"Proporción de jóvenes entre 15 y 24 años que no cursan estudios, no están empleados ni reciben formación",Cantabria,9.99
2020,"Proporción de jóvenes entre 15 y 24 años que no cursan estudios, no están empleados ni reciben formación",Cantabria,11.79
