Year,Serie,Age,Sex,Value
2010,Número de personas investigadoras (en equivalente a tiempo completo) por cada millón de habitantes,Todas las edades o no desagregado por edad,Ambos sexos o no desagregado por sexo,2217.9
2011,Número de personas investigadoras (en equivalente a tiempo completo) por cada millón de habitantes,Todas las edades o no desagregado por edad,Ambos sexos o no desagregado por sexo,2170.9
2012,Número de personas investigadoras (en equivalente a tiempo completo) por cada millón de habitantes,Todas las edades o no desagregado por edad,Ambos sexos o no desagregado por sexo,2024.4
2013,Número de personas investigadoras (en equivalente a tiempo completo) por cada millón de habitantes,Todas las edades o no desagregado por edad,Ambos sexos o no desagregado por sexo,1819.3
2014,Número de personas investigadoras (en equivalente a tiempo completo) por cada millón de habitantes,Todas las edades o no desagregado por edad,Ambos sexos o no desagregado por sexo,1766.3
2015,Número de personas investigadoras (en equivalente a tiempo completo) por cada millón de habitantes,Todas las edades o no desagregado por edad,Ambos sexos o no desagregado por sexo,1882.4
2016,Número de personas investigadoras (en equivalente a tiempo completo) por cada millón de habitantes,Todas las edades o no desagregado por edad,Ambos sexos o no desagregado por sexo,1933.4
2017,Número de personas investigadoras (en equivalente a tiempo completo) por cada millón de habitantes,Todas las edades o no desagregado por edad,Ambos sexos o no desagregado por sexo,1862.9
2018,Número de personas investigadoras (en equivalente a tiempo completo) por cada millón de habitantes,Todas las edades o no desagregado por edad,Ambos sexos o no desagregado por sexo,2037.8
