Year,Serie,RefArea,Value
2010,Proporción de ciudades que cuentan con una estructura de participación directa de la sociedad civil en la planificación y la gestión urbana que funcione con regularidad y democráticamente,España,
2011,Proporción de ciudades que cuentan con una estructura de participación directa de la sociedad civil en la planificación y la gestión urbana que funcione con regularidad y democráticamente,España,
2012,Proporción de ciudades que cuentan con una estructura de participación directa de la sociedad civil en la planificación y la gestión urbana que funcione con regularidad y democráticamente,España,
2013,Proporción de ciudades que cuentan con una estructura de participación directa de la sociedad civil en la planificación y la gestión urbana que funcione con regularidad y democráticamente,España,
2014,Proporción de ciudades que cuentan con una estructura de participación directa de la sociedad civil en la planificación y la gestión urbana que funcione con regularidad y democráticamente,España,
2015,Proporción de ciudades que cuentan con una estructura de participación directa de la sociedad civil en la planificación y la gestión urbana que funcione con regularidad y democráticamente,España,100.0
2016,Proporción de ciudades que cuentan con una estructura de participación directa de la sociedad civil en la planificación y la gestión urbana que funcione con regularidad y democráticamente,España,100.0
2017,Proporción de ciudades que cuentan con una estructura de participación directa de la sociedad civil en la planificación y la gestión urbana que funcione con regularidad y democráticamente,España,100.0
2018,Proporción de ciudades que cuentan con una estructura de participación directa de la sociedad civil en la planificación y la gestión urbana que funcione con regularidad y democráticamente,España,100.0
2019,Proporción de ciudades que cuentan con una estructura de participación directa de la sociedad civil en la planificación y la gestión urbana que funcione con regularidad y democráticamente,España,100.0
2020,Proporción de ciudades que cuentan con una estructura de participación directa de la sociedad civil en la planificación y la gestión urbana que funcione con regularidad y democráticamente,España,100.0
2021,Proporción de ciudades que cuentan con una estructura de participación directa de la sociedad civil en la planificación y la gestión urbana que funcione con regularidad y democráticamente,España,100.0
2022,Proporción de ciudades que cuentan con una estructura de participación directa de la sociedad civil en la planificación y la gestión urbana que funcione con regularidad y democráticamente,España,100.0
2023,Proporción de ciudades que cuentan con una estructura de participación directa de la sociedad civil en la planificación y la gestión urbana que funcione con regularidad y democráticamente,España,100.0
2010,Proporción de ciudades que cuentan con una estructura de participación directa de la sociedad civil en la planificación y la gestión urbana que funcione con regularidad y democráticamente,Cantabria,100.0
2011,Proporción de ciudades que cuentan con una estructura de participación directa de la sociedad civil en la planificación y la gestión urbana que funcione con regularidad y democráticamente,Cantabria,100.0
2012,Proporción de ciudades que cuentan con una estructura de participación directa de la sociedad civil en la planificación y la gestión urbana que funcione con regularidad y democráticamente,Cantabria,100.0
2013,Proporción de ciudades que cuentan con una estructura de participación directa de la sociedad civil en la planificación y la gestión urbana que funcione con regularidad y democráticamente,Cantabria,100.0
2014,Proporción de ciudades que cuentan con una estructura de participación directa de la sociedad civil en la planificación y la gestión urbana que funcione con regularidad y democráticamente,Cantabria,100.0
2015,Proporción de ciudades que cuentan con una estructura de participación directa de la sociedad civil en la planificación y la gestión urbana que funcione con regularidad y democráticamente,Cantabria,100.0
2016,Proporción de ciudades que cuentan con una estructura de participación directa de la sociedad civil en la planificación y la gestión urbana que funcione con regularidad y democráticamente,Cantabria,100.0
2017,Proporción de ciudades que cuentan con una estructura de participación directa de la sociedad civil en la planificación y la gestión urbana que funcione con regularidad y democráticamente,Cantabria,100.0
2018,Proporción de ciudades que cuentan con una estructura de participación directa de la sociedad civil en la planificación y la gestión urbana que funcione con regularidad y democráticamente,Cantabria,100.0
2019,Proporción de ciudades que cuentan con una estructura de participación directa de la sociedad civil en la planificación y la gestión urbana que funcione con regularidad y democráticamente,Cantabria,100.0
2020,Proporción de ciudades que cuentan con una estructura de participación directa de la sociedad civil en la planificación y la gestión urbana que funcione con regularidad y democráticamente,Cantabria,100.0
2021,Proporción de ciudades que cuentan con una estructura de participación directa de la sociedad civil en la planificación y la gestión urbana que funcione con regularidad y democráticamente,Cantabria,100.0
2022,Proporción de ciudades que cuentan con una estructura de participación directa de la sociedad civil en la planificación y la gestión urbana que funcione con regularidad y democráticamente,Cantabria,100.0
2023,Proporción de ciudades que cuentan con una estructura de participación directa de la sociedad civil en la planificación y la gestión urbana que funcione con regularidad y democráticamente,Cantabria,100.0
