Year,Serie,RefArea,Value
2010,Ratio de la proporción de mujeres en el sector público respecto a la proporción de mujeres en la población entre 16 y 64 años,España,1.07
2011,Ratio de la proporción de mujeres en el sector público respecto a la proporción de mujeres en la población entre 16 y 64 años,España,1.07
2012,Ratio de la proporción de mujeres en el sector público respecto a la proporción de mujeres en la población entre 16 y 64 años,España,1.08
2013,Ratio de la proporción de mujeres en el sector público respecto a la proporción de mujeres en la población entre 16 y 64 años,España,1.08
2014,Ratio de la proporción de mujeres en el sector público respecto a la proporción de mujeres en la población entre 16 y 64 años,España,1.08
2015,Ratio de la proporción de mujeres en el sector público respecto a la proporción de mujeres en la población entre 16 y 64 años,España,1.08
2016,Ratio de la proporción de mujeres en el sector público respecto a la proporción de mujeres en la población entre 16 y 64 años,España,1.1
2017,Ratio de la proporción de mujeres en el sector público respecto a la proporción de mujeres en la población entre 16 y 64 años,España,1.11
2018,Ratio de la proporción de mujeres en el sector público respecto a la proporción de mujeres en la población entre 16 y 64 años,España,1.12
2019,Ratio de la proporción de mujeres en el sector público respecto a la proporción de mujeres en la población entre 16 y 64 años,España,1.13
2020,Ratio de la proporción de mujeres en el sector público respecto a la proporción de mujeres en la población entre 16 y 64 años,España,1.14
2021,Ratio de la proporción de mujeres en el sector público respecto a la proporción de mujeres en la población entre 16 y 64 años,España,1.16
2022,Ratio de la proporción de mujeres en el sector público respecto a la proporción de mujeres en la población entre 16 y 64 años,España,1.16
2023,Ratio de la proporción de mujeres en el sector público respecto a la proporción de mujeres en la población entre 16 y 64 años,España,1.18
2024,Ratio de la proporción de mujeres en el sector público respecto a la proporción de mujeres en la población entre 16 y 64 años,España,0.0
2010,Ratio de la proporción de mujeres en las instituciones sanitarias autonómicas respecto a la proporción de mujeres en la población entre 16 y 64 años,España,1.43
2011,Ratio de la proporción de mujeres en las instituciones sanitarias autonómicas respecto a la proporción de mujeres en la población entre 16 y 64 años,España,1.43
2012,Ratio de la proporción de mujeres en las instituciones sanitarias autonómicas respecto a la proporción de mujeres en la población entre 16 y 64 años,España,1.46
2013,Ratio de la proporción de mujeres en las instituciones sanitarias autonómicas respecto a la proporción de mujeres en la población entre 16 y 64 años,España,1.46
2014,Ratio de la proporción de mujeres en las instituciones sanitarias autonómicas respecto a la proporción de mujeres en la población entre 16 y 64 años,España,1.47
2015,Ratio de la proporción de mujeres en las instituciones sanitarias autonómicas respecto a la proporción de mujeres en la población entre 16 y 64 años,España,1.48
2016,Ratio de la proporción de mujeres en las instituciones sanitarias autonómicas respecto a la proporción de mujeres en la población entre 16 y 64 años,España,1.48
2017,Ratio de la proporción de mujeres en las instituciones sanitarias autonómicas respecto a la proporción de mujeres en la población entre 16 y 64 años,España,1.49
2018,Ratio de la proporción de mujeres en las instituciones sanitarias autonómicas respecto a la proporción de mujeres en la población entre 16 y 64 años,España,1.49
2019,Ratio de la proporción de mujeres en las instituciones sanitarias autonómicas respecto a la proporción de mujeres en la población entre 16 y 64 años,España,1.5
2020,Ratio de la proporción de mujeres en las instituciones sanitarias autonómicas respecto a la proporción de mujeres en la población entre 16 y 64 años,España,1.51
2021,Ratio de la proporción de mujeres en las instituciones sanitarias autonómicas respecto a la proporción de mujeres en la población entre 16 y 64 años,España,1.51
2022,Ratio de la proporción de mujeres en las instituciones sanitarias autonómicas respecto a la proporción de mujeres en la población entre 16 y 64 años,España,1.51
2023,Ratio de la proporción de mujeres en las instituciones sanitarias autonómicas respecto a la proporción de mujeres en la población entre 16 y 64 años,España,1.52
2010,Ratio de la proporción de mujeres en las universidades respecto a la proporción de mujeres en la población entre 16 y 64 años,España,0.86
2011,Ratio de la proporción de mujeres en las universidades respecto a la proporción de mujeres en la población entre 16 y 64 años,España,0.87
2012,Ratio de la proporción de mujeres en las universidades respecto a la proporción de mujeres en la población entre 16 y 64 años,España,0.92
2013,Ratio de la proporción de mujeres en las universidades respecto a la proporción de mujeres en la población entre 16 y 64 años,España,0.92
2014,Ratio de la proporción de mujeres en las universidades respecto a la proporción de mujeres en la población entre 16 y 64 años,España,0.93
2015,Ratio de la proporción de mujeres en las universidades respecto a la proporción de mujeres en la población entre 16 y 64 años,España,0.93
2016,Ratio de la proporción de mujeres en las universidades respecto a la proporción de mujeres en la población entre 16 y 64 años,España,0.94
2017,Ratio de la proporción de mujeres en las universidades respecto a la proporción de mujeres en la población entre 16 y 64 años,España,0.94
2018,Ratio de la proporción de mujeres en las universidades respecto a la proporción de mujeres en la población entre 16 y 64 años,España,0.95
2019,Ratio de la proporción de mujeres en las universidades respecto a la proporción de mujeres en la población entre 16 y 64 años,España,0.96
2020,Ratio de la proporción de mujeres en las universidades respecto a la proporción de mujeres en la población entre 16 y 64 años,España,0.96
2021,Ratio de la proporción de mujeres en las universidades respecto a la proporción de mujeres en la población entre 16 y 64 años,España,0.97
2022,Ratio de la proporción de mujeres en las universidades respecto a la proporción de mujeres en la población entre 16 y 64 años,España,0.97
2023,Ratio de la proporción de mujeres en las universidades respecto a la proporción de mujeres en la población entre 16 y 64 años,España,0.97
2010,Ratio de la proporción de mujeres en el sector público local respecto a la proporción de mujeres en la población entre 16 y 64 años,España,0.95
2011,Ratio de la proporción de mujeres en el sector público local respecto a la proporción de mujeres en la población entre 16 y 64 años,España,0.95
2012,Ratio de la proporción de mujeres en el sector público local respecto a la proporción de mujeres en la población entre 16 y 64 años,España,0.95
2013,Ratio de la proporción de mujeres en el sector público local respecto a la proporción de mujeres en la población entre 16 y 64 años,España,0.93
2014,Ratio de la proporción de mujeres en el sector público local respecto a la proporción de mujeres en la población entre 16 y 64 años,España,0.93
2015,Ratio de la proporción de mujeres en el sector público local respecto a la proporción de mujeres en la población entre 16 y 64 años,España,0.93
2016,Ratio de la proporción de mujeres en el sector público local respecto a la proporción de mujeres en la población entre 16 y 64 años,España,0.95
2017,Ratio de la proporción de mujeres en el sector público local respecto a la proporción de mujeres en la población entre 16 y 64 años,España,0.97
2018,Ratio de la proporción de mujeres en el sector público local respecto a la proporción de mujeres en la población entre 16 y 64 años,España,0.98
2019,Ratio de la proporción de mujeres en el sector público local respecto a la proporción de mujeres en la población entre 16 y 64 años,España,1.0
2020,Ratio de la proporción de mujeres en el sector público local respecto a la proporción de mujeres en la población entre 16 y 64 años,España,1.01
2021,Ratio de la proporción de mujeres en el sector público local respecto a la proporción de mujeres en la población entre 16 y 64 años,España,1.03
2022,Ratio de la proporción de mujeres en el sector público local respecto a la proporción de mujeres en la población entre 16 y 64 años,España,1.04
2023,Ratio de la proporción de mujeres en el sector público local respecto a la proporción de mujeres en la población entre 16 y 64 años,España,1.04
2020,Ratio de la proporción de mujeres en los ayuntamientos respecto a la proporción de mujeres en la población entre 16 y 64 años,España,1.0
2021,Ratio de la proporción de mujeres en los ayuntamientos respecto a la proporción de mujeres en la población entre 16 y 64 años,España,1.01
2022,Ratio de la proporción de mujeres en los ayuntamientos respecto a la proporción de mujeres en la población entre 16 y 64 años,España,1.03
2023,Ratio de la proporción de mujeres en los ayuntamientos respecto a la proporción de mujeres en la población entre 16 y 64 años,España,1.03
2010,Ratio de la proporción de mujeres en el sector público estatal respecto a la proporción de mujeres en la población entre 16 y 64 años,España,0.62
2011,Ratio de la proporción de mujeres en el sector público estatal respecto a la proporción de mujeres en la población entre 16 y 64 años,España,0.61
2012,Ratio de la proporción de mujeres en el sector público estatal respecto a la proporción de mujeres en la población entre 16 y 64 años,España,0.61
2013,Ratio de la proporción de mujeres en el sector público estatal respecto a la proporción de mujeres en la población entre 16 y 64 años,España,0.61
2014,Ratio de la proporción de mujeres en el sector público estatal respecto a la proporción de mujeres en la población entre 16 y 64 años,España,0.61
2015,Ratio de la proporción de mujeres en el sector público estatal respecto a la proporción de mujeres en la población entre 16 y 64 años,España,0.62
2016,Ratio de la proporción de mujeres en el sector público estatal respecto a la proporción de mujeres en la población entre 16 y 64 años,España,0.61
2017,Ratio de la proporción de mujeres en el sector público estatal respecto a la proporción de mujeres en la población entre 16 y 64 años,España,0.62
2018,Ratio de la proporción de mujeres en el sector público estatal respecto a la proporción de mujeres en la población entre 16 y 64 años,España,0.63
2019,Ratio de la proporción de mujeres en el sector público estatal respecto a la proporción de mujeres en la población entre 16 y 64 años,España,0.63
2020,Ratio de la proporción de mujeres en el sector público estatal respecto a la proporción de mujeres en la población entre 16 y 64 años,España,0.62
2021,Ratio de la proporción de mujeres en el sector público estatal respecto a la proporción de mujeres en la población entre 16 y 64 años,España,0.63
2022,Ratio de la proporción de mujeres en el sector público estatal respecto a la proporción de mujeres en la población entre 16 y 64 años,España,0.63
2023,Ratio de la proporción de mujeres en el sector público estatal respecto a la proporción de mujeres en la población entre 16 y 64 años,España,0.62
2024,Ratio de la proporción de mujeres en el sector público estatal respecto a la proporción de mujeres en la población entre 16 y 64 años,España,0.0
2010,Ratio de la proporción de mujeres en las Fuerzas y Cuerpos de Seguridad del Estado respecto a la proporción de mujeres en la población entre 16 y 64 años,España,0.16
2011,Ratio de la proporción de mujeres en las Fuerzas y Cuerpos de Seguridad del Estado respecto a la proporción de mujeres en la población entre 16 y 64 años,España,0.17
2012,Ratio de la proporción de mujeres en las Fuerzas y Cuerpos de Seguridad del Estado respecto a la proporción de mujeres en la población entre 16 y 64 años,España,0.18
2013,Ratio de la proporción de mujeres en las Fuerzas y Cuerpos de Seguridad del Estado respecto a la proporción de mujeres en la población entre 16 y 64 años,España,0.19
2014,Ratio de la proporción de mujeres en las Fuerzas y Cuerpos de Seguridad del Estado respecto a la proporción de mujeres en la población entre 16 y 64 años,España,0.19
2015,Ratio de la proporción de mujeres en las Fuerzas y Cuerpos de Seguridad del Estado respecto a la proporción de mujeres en la población entre 16 y 64 años,España,0.19
2016,Ratio de la proporción de mujeres en las Fuerzas y Cuerpos de Seguridad del Estado respecto a la proporción de mujeres en la población entre 16 y 64 años,España,0.2
2017,Ratio de la proporción de mujeres en las Fuerzas y Cuerpos de Seguridad del Estado respecto a la proporción de mujeres en la población entre 16 y 64 años,España,0.2
2018,Ratio de la proporción de mujeres en las Fuerzas y Cuerpos de Seguridad del Estado respecto a la proporción de mujeres en la población entre 16 y 64 años,España,0.24
2019,Ratio de la proporción de mujeres en las Fuerzas y Cuerpos de Seguridad del Estado respecto a la proporción de mujeres en la población entre 16 y 64 años,España,0.24
2020,Ratio de la proporción de mujeres en las Fuerzas y Cuerpos de Seguridad del Estado respecto a la proporción de mujeres en la población entre 16 y 64 años,España,0.22
2021,Ratio de la proporción de mujeres en las Fuerzas y Cuerpos de Seguridad del Estado respecto a la proporción de mujeres en la población entre 16 y 64 años,España,0.23
2022,Ratio de la proporción de mujeres en las Fuerzas y Cuerpos de Seguridad del Estado respecto a la proporción de mujeres en la población entre 16 y 64 años,España,0.24
2023,Ratio de la proporción de mujeres en las Fuerzas y Cuerpos de Seguridad del Estado respecto a la proporción de mujeres en la población entre 16 y 64 años,España,0.27
2024,Ratio de la proporción de mujeres en las Fuerzas y Cuerpos de Seguridad del Estado respecto a la proporción de mujeres en la población entre 16 y 64 años,España,0.0
2010,Ratio de la proporción de mujeres en las Fuerzas Armadas respecto a la proporción de mujeres en la población entre 16 y 64 años,España,0.25
2011,Ratio de la proporción de mujeres en las Fuerzas Armadas respecto a la proporción de mujeres en la población entre 16 y 64 años,España,0.25
2012,Ratio de la proporción de mujeres en las Fuerzas Armadas respecto a la proporción de mujeres en la población entre 16 y 64 años,España,0.25
2013,Ratio de la proporción de mujeres en las Fuerzas Armadas respecto a la proporción de mujeres en la población entre 16 y 64 años,España,0.25
2014,Ratio de la proporción de mujeres en las Fuerzas Armadas respecto a la proporción de mujeres en la población entre 16 y 64 años,España,0.25
2015,Ratio de la proporción de mujeres en las Fuerzas Armadas respecto a la proporción de mujeres en la población entre 16 y 64 años,España,0.25
2016,Ratio de la proporción de mujeres en las Fuerzas Armadas respecto a la proporción de mujeres en la población entre 16 y 64 años,España,0.25
2017,Ratio de la proporción de mujeres en las Fuerzas Armadas respecto a la proporción de mujeres en la población entre 16 y 64 años,España,0.25
2018,Ratio de la proporción de mujeres en las Fuerzas Armadas respecto a la proporción de mujeres en la población entre 16 y 64 años,España,0.26
2019,Ratio de la proporción de mujeres en las Fuerzas Armadas respecto a la proporción de mujeres en la población entre 16 y 64 años,España,0.26
2020,Ratio de la proporción de mujeres en las Fuerzas Armadas respecto a la proporción de mujeres en la población entre 16 y 64 años,España,0.26
2021,Ratio de la proporción de mujeres en las Fuerzas Armadas respecto a la proporción de mujeres en la población entre 16 y 64 años,España,0.26
2022,Ratio de la proporción de mujeres en las Fuerzas Armadas respecto a la proporción de mujeres en la población entre 16 y 64 años,España,0.26
2023,Ratio de la proporción de mujeres en las Fuerzas Armadas respecto a la proporción de mujeres en la población entre 16 y 64 años,España,0.26
2024,Ratio de la proporción de mujeres en las Fuerzas Armadas respecto a la proporción de mujeres en la población entre 16 y 64 años,España,0.0
2010,Ratio de la proporción de mujeres en la Administración de Justicia del Estado respecto a la proporción de mujeres en la población entre 16 y 64 años,España,1.28
2011,Ratio de la proporción de mujeres en la Administración de Justicia del Estado respecto a la proporción de mujeres en la población entre 16 y 64 años,España,1.3
2012,Ratio de la proporción de mujeres en la Administración de Justicia del Estado respecto a la proporción de mujeres en la población entre 16 y 64 años,España,1.29
2013,Ratio de la proporción de mujeres en la Administración de Justicia del Estado respecto a la proporción de mujeres en la población entre 16 y 64 años,España,1.3
2014,Ratio de la proporción de mujeres en la Administración de Justicia del Estado respecto a la proporción de mujeres en la población entre 16 y 64 años,España,1.29
2015,Ratio de la proporción de mujeres en la Administración de Justicia del Estado respecto a la proporción de mujeres en la población entre 16 y 64 años,España,1.3
2016,Ratio de la proporción de mujeres en la Administración de Justicia del Estado respecto a la proporción de mujeres en la población entre 16 y 64 años,España,1.31
2017,Ratio de la proporción de mujeres en la Administración de Justicia del Estado respecto a la proporción de mujeres en la población entre 16 y 64 años,España,1.31
2018,Ratio de la proporción de mujeres en la Administración de Justicia del Estado respecto a la proporción de mujeres en la población entre 16 y 64 años,España,1.3
2019,Ratio de la proporción de mujeres en la Administración de Justicia del Estado respecto a la proporción de mujeres en la población entre 16 y 64 años,España,1.32
2020,Ratio de la proporción de mujeres en la Administración de Justicia del Estado respecto a la proporción de mujeres en la población entre 16 y 64 años,España,1.33
2021,Ratio de la proporción de mujeres en la Administración de Justicia del Estado respecto a la proporción de mujeres en la población entre 16 y 64 años,España,1.34
2022,Ratio de la proporción de mujeres en la Administración de Justicia del Estado respecto a la proporción de mujeres en la población entre 16 y 64 años,España,1.34
2023,Ratio de la proporción de mujeres en la Administración de Justicia del Estado respecto a la proporción de mujeres en la población entre 16 y 64 años,España,1.41
2024,Ratio de la proporción de mujeres en la Administración de Justicia del Estado respecto a la proporción de mujeres en la población entre 16 y 64 años,España,0.0
2010,Ratio de la proporción de mujeres en el sector público autonómico respecto a la proporción de mujeres en la población entre 16 y 64 años,España,1.34
2011,Ratio de la proporción de mujeres en el sector público autonómico respecto a la proporción de mujeres en la población entre 16 y 64 años,España,1.34
2012,Ratio de la proporción de mujeres en el sector público autonómico respecto a la proporción de mujeres en la población entre 16 y 64 años,España,1.36
2013,Ratio de la proporción de mujeres en el sector público autonómico respecto a la proporción de mujeres en la población entre 16 y 64 años,España,1.36
2014,Ratio de la proporción de mujeres en el sector público autonómico respecto a la proporción de mujeres en la población entre 16 y 64 años,España,1.36
2015,Ratio de la proporción de mujeres en el sector público autonómico respecto a la proporción de mujeres en la población entre 16 y 64 años,España,1.37
2016,Ratio de la proporción de mujeres en el sector público autonómico respecto a la proporción de mujeres en la población entre 16 y 64 años,España,1.38
2017,Ratio de la proporción de mujeres en el sector público autonómico respecto a la proporción de mujeres en la población entre 16 y 64 años,España,1.39
2018,Ratio de la proporción de mujeres en el sector público autonómico respecto a la proporción de mujeres en la población entre 16 y 64 años,España,1.39
2019,Ratio de la proporción de mujeres en el sector público autonómico respecto a la proporción de mujeres en la población entre 16 y 64 años,España,1.4
2020,Ratio de la proporción de mujeres en el sector público autonómico respecto a la proporción de mujeres en la población entre 16 y 64 años,España,1.4
2021,Ratio de la proporción de mujeres en el sector público autonómico respecto a la proporción de mujeres en la población entre 16 y 64 años,España,1.42
2022,Ratio de la proporción de mujeres en el sector público autonómico respecto a la proporción de mujeres en la población entre 16 y 64 años,España,1.42
2023,Ratio de la proporción de mujeres en el sector público autonómico respecto a la proporción de mujeres en la población entre 16 y 64 años,España,1.43
2024,Ratio de la proporción de mujeres en el sector público autonómico respecto a la proporción de mujeres en la población entre 16 y 64 años,España,0.0
2010,Ratio de la proporción de mujeres en la Administración de Justicia Autonómica respecto a la proporción de mujeres en la población entre 16 y 64 años,España,1.45
2011,Ratio de la proporción de mujeres en la Administración de Justicia Autonómica respecto a la proporción de mujeres en la población entre 16 y 64 años,España,1.46
2012,Ratio de la proporción de mujeres en la Administración de Justicia Autonómica respecto a la proporción de mujeres en la población entre 16 y 64 años,España,1.45
2013,Ratio de la proporción de mujeres en la Administración de Justicia Autonómica respecto a la proporción de mujeres en la población entre 16 y 64 años,España,1.44
2014,Ratio de la proporción de mujeres en la Administración de Justicia Autonómica respecto a la proporción de mujeres en la población entre 16 y 64 años,España,1.44
2015,Ratio de la proporción de mujeres en la Administración de Justicia Autonómica respecto a la proporción de mujeres en la población entre 16 y 64 años,España,1.44
2016,Ratio de la proporción de mujeres en la Administración de Justicia Autonómica respecto a la proporción de mujeres en la población entre 16 y 64 años,España,1.45
2017,Ratio de la proporción de mujeres en la Administración de Justicia Autonómica respecto a la proporción de mujeres en la población entre 16 y 64 años,España,1.45
2018,Ratio de la proporción de mujeres en la Administración de Justicia Autonómica respecto a la proporción de mujeres en la población entre 16 y 64 años,España,1.45
2019,Ratio de la proporción de mujeres en la Administración de Justicia Autonómica respecto a la proporción de mujeres en la población entre 16 y 64 años,España,1.46
2020,Ratio de la proporción de mujeres en la Administración de Justicia Autonómica respecto a la proporción de mujeres en la población entre 16 y 64 años,España,1.46
2021,Ratio de la proporción de mujeres en la Administración de Justicia Autonómica respecto a la proporción de mujeres en la población entre 16 y 64 años,España,1.46
2022,Ratio de la proporción de mujeres en la Administración de Justicia Autonómica respecto a la proporción de mujeres en la población entre 16 y 64 años,España,1.47
2023,Ratio de la proporción de mujeres en la Administración de Justicia Autonómica respecto a la proporción de mujeres en la población entre 16 y 64 años,España,1.47
2024,Ratio de la proporción de mujeres en la Administración de Justicia Autonómica respecto a la proporción de mujeres en la población entre 16 y 64 años,España,0.0
2010,Ratio de la proporción de mujeres en los centros educativos no universitarios autonómicos respecto a la proporción de mujeres en la población entre 16 y 64 años,España,1.37
2011,Ratio de la proporción de mujeres en los centros educativos no universitarios autonómicos respecto a la proporción de mujeres en la población entre 16 y 64 años,España,1.38
2012,Ratio de la proporción de mujeres en los centros educativos no universitarios autonómicos respecto a la proporción de mujeres en la población entre 16 y 64 años,España,1.39
2013,Ratio de la proporción de mujeres en los centros educativos no universitarios autonómicos respecto a la proporción de mujeres en la población entre 16 y 64 años,España,1.4
2014,Ratio de la proporción de mujeres en los centros educativos no universitarios autonómicos respecto a la proporción de mujeres en la población entre 16 y 64 años,España,1.4
2015,Ratio de la proporción de mujeres en los centros educativos no universitarios autonómicos respecto a la proporción de mujeres en la población entre 16 y 64 años,España,1.41
2016,Ratio de la proporción de mujeres en los centros educativos no universitarios autonómicos respecto a la proporción de mujeres en la población entre 16 y 64 años,España,1.41
2017,Ratio de la proporción de mujeres en los centros educativos no universitarios autonómicos respecto a la proporción de mujeres en la población entre 16 y 64 años,España,1.42
2018,Ratio de la proporción de mujeres en los centros educativos no universitarios autonómicos respecto a la proporción de mujeres en la población entre 16 y 64 años,España,1.42
2019,Ratio de la proporción de mujeres en los centros educativos no universitarios autonómicos respecto a la proporción de mujeres en la población entre 16 y 64 años,España,1.42
2020,Ratio de la proporción de mujeres en los centros educativos no universitarios autonómicos respecto a la proporción de mujeres en la población entre 16 y 64 años,España,1.43
2021,Ratio de la proporción de mujeres en los centros educativos no universitarios autonómicos respecto a la proporción de mujeres en la población entre 16 y 64 años,España,1.43
2022,Ratio de la proporción de mujeres en los centros educativos no universitarios autonómicos respecto a la proporción de mujeres en la población entre 16 y 64 años,España,1.44
2023,Ratio de la proporción de mujeres en los centros educativos no universitarios autonómicos respecto a la proporción de mujeres en la población entre 16 y 64 años,España,1.44
2024,Ratio de la proporción de mujeres en los centros educativos no universitarios autonómicos respecto a la proporción de mujeres en la población entre 16 y 64 años,España,0.0
