Year,Serie,RefArea,Value
2010,Proporción de personas entre 16 y 74 años que han utilizado Internet en los últimos tres meses,España,63.53
2011,Proporción de personas entre 16 y 74 años que han utilizado Internet en los últimos tres meses,España,66.47
2012,Proporción de personas entre 16 y 74 años que han utilizado Internet en los últimos tres meses,España,69.48
2013,Proporción de personas entre 16 y 74 años que han utilizado Internet en los últimos tres meses,España,71.64
2014,Proporción de personas entre 16 y 74 años que han utilizado Internet en los últimos tres meses,España,76.19
2015,Proporción de personas entre 16 y 74 años que han utilizado Internet en los últimos tres meses,España,78.69
2016,Proporción de personas entre 16 y 74 años que han utilizado Internet en los últimos tres meses,España,80.56
2017,Proporción de personas entre 16 y 74 años que han utilizado Internet en los últimos tres meses,España,84.6
2018,Proporción de personas entre 16 y 74 años que han utilizado Internet en los últimos tres meses,España,86.11
2019,Proporción de personas entre 16 y 74 años que han utilizado Internet en los últimos tres meses,España,90.72
2020,Proporción de personas entre 16 y 74 años que han utilizado Internet en los últimos tres meses,España,93.21
2021,Proporción de personas entre 16 y 74 años que han utilizado Internet en los últimos tres meses,España,93.9
2022,Proporción de personas entre 16 y 74 años que han utilizado Internet en los últimos tres meses,España,94.49
2023,Proporción de personas entre 16 y 74 años que han utilizado Internet en los últimos tres meses,España,95.45
2010,Proporción de personas entre 16 y 74 años que han utilizado Internet en los últimos tres meses,Cantabria,62.73
2011,Proporción de personas entre 16 y 74 años que han utilizado Internet en los últimos tres meses,Cantabria,69.6
2012,Proporción de personas entre 16 y 74 años que han utilizado Internet en los últimos tres meses,Cantabria,70.42
2013,Proporción de personas entre 16 y 74 años que han utilizado Internet en los últimos tres meses,Cantabria,73.9
2014,Proporción de personas entre 16 y 74 años que han utilizado Internet en los últimos tres meses,Cantabria,74.84
2015,Proporción de personas entre 16 y 74 años que han utilizado Internet en los últimos tres meses,Cantabria,78.81
2016,Proporción de personas entre 16 y 74 años que han utilizado Internet en los últimos tres meses,Cantabria,80.08
2017,Proporción de personas entre 16 y 74 años que han utilizado Internet en los últimos tres meses,Cantabria,82.74
2018,Proporción de personas entre 16 y 74 años que han utilizado Internet en los últimos tres meses,Cantabria,82.32
2019,Proporción de personas entre 16 y 74 años que han utilizado Internet en los últimos tres meses,Cantabria,89.12
2020,Proporción de personas entre 16 y 74 años que han utilizado Internet en los últimos tres meses,Cantabria,91.66
2021,Proporción de personas entre 16 y 74 años que han utilizado Internet en los últimos tres meses,Cantabria,92.46
2022,Proporción de personas entre 16 y 74 años que han utilizado Internet en los últimos tres meses,Cantabria,92.23
2023,Proporción de personas entre 16 y 74 años que han utilizado Internet en los últimos tres meses,Cantabria,94.31
