Year,Serie,RefArea,Value
2010,Número de admisiones a tratamiento por abuso o dependencia de drogas ilegales por cada 100.000 habitantes,España,
2011,Número de admisiones a tratamiento por abuso o dependencia de drogas ilegales por cada 100.000 habitantes,España,
2012,Número de admisiones a tratamiento por abuso o dependencia de drogas ilegales por cada 100.000 habitantes,España,
2013,Número de admisiones a tratamiento por abuso o dependencia de drogas ilegales por cada 100.000 habitantes,España,
2014,Número de admisiones a tratamiento por abuso o dependencia de drogas ilegales por cada 100.000 habitantes,España,
2015,Número de admisiones a tratamiento por abuso o dependencia de drogas ilegales por cada 100.000 habitantes,España,101.99
2016,Número de admisiones a tratamiento por abuso o dependencia de drogas ilegales por cada 100.000 habitantes,España,98.3
2017,Número de admisiones a tratamiento por abuso o dependencia de drogas ilegales por cada 100.000 habitantes,España,100.62
2018,Número de admisiones a tratamiento por abuso o dependencia de drogas ilegales por cada 100.000 habitantes,España,102.69
2019,Número de admisiones a tratamiento por abuso o dependencia de drogas ilegales por cada 100.000 habitantes,España,106.26
2020,Número de admisiones a tratamiento por abuso o dependencia de drogas ilegales por cada 100.000 habitantes,España,81.41
2021,Número de admisiones a tratamiento por abuso o dependencia de drogas ilegales por cada 100.000 habitantes,España,93.66
2022,Número de admisiones a tratamiento por abuso o dependencia de drogas ilegales por cada 100.000 habitantes,España,95.96
2023,Número de admisiones a tratamiento por abuso o dependencia de drogas ilegales por cada 100.000 habitantes,España,
2010,Número de admisiones a tratamiento por abuso o dependencia de drogas ilegales de hombres por cada 100.000 hombres,España,
2011,Número de admisiones a tratamiento por abuso o dependencia de drogas ilegales de hombres por cada 100.000 hombres,España,
2012,Número de admisiones a tratamiento por abuso o dependencia de drogas ilegales de hombres por cada 100.000 hombres,España,
2013,Número de admisiones a tratamiento por abuso o dependencia de drogas ilegales de hombres por cada 100.000 hombres,España,
2014,Número de admisiones a tratamiento por abuso o dependencia de drogas ilegales de hombres por cada 100.000 hombres,España,
2015,Número de admisiones a tratamiento por abuso o dependencia de drogas ilegales de hombres por cada 100.000 hombres,España,173.77
2016,Número de admisiones a tratamiento por abuso o dependencia de drogas ilegales de hombres por cada 100.000 hombres,España,167.19
2017,Número de admisiones a tratamiento por abuso o dependencia de drogas ilegales de hombres por cada 100.000 hombres,España,171.1
2018,Número de admisiones a tratamiento por abuso o dependencia de drogas ilegales de hombres por cada 100.000 hombres,España,174.05
2019,Número de admisiones a tratamiento por abuso o dependencia de drogas ilegales de hombres por cada 100.000 hombres,España,179.48
2020,Número de admisiones a tratamiento por abuso o dependencia de drogas ilegales de hombres por cada 100.000 hombres,España,136.08
2021,Número de admisiones a tratamiento por abuso o dependencia de drogas ilegales de hombres por cada 100.000 hombres,España,156.7
2022,Número de admisiones a tratamiento por abuso o dependencia de drogas ilegales de hombres por cada 100.000 hombres,España,159.64
2023,Número de admisiones a tratamiento por abuso o dependencia de drogas ilegales de hombres por cada 100.000 hombres,España,
2010,Número de admisiones a tratamiento por abuso o dependencia de drogas ilegales de mujeres por cada 100.000 mujeres,España,
2011,Número de admisiones a tratamiento por abuso o dependencia de drogas ilegales de mujeres por cada 100.000 mujeres,España,
2012,Número de admisiones a tratamiento por abuso o dependencia de drogas ilegales de mujeres por cada 100.000 mujeres,España,
2013,Número de admisiones a tratamiento por abuso o dependencia de drogas ilegales de mujeres por cada 100.000 mujeres,España,
2014,Número de admisiones a tratamiento por abuso o dependencia de drogas ilegales de mujeres por cada 100.000 mujeres,España,
2015,Número de admisiones a tratamiento por abuso o dependencia de drogas ilegales de mujeres por cada 100.000 mujeres,España,32.23
2016,Número de admisiones a tratamiento por abuso o dependencia de drogas ilegales de mujeres por cada 100.000 mujeres,España,31.55
2017,Número de admisiones a tratamiento por abuso o dependencia de drogas ilegales de mujeres por cada 100.000 mujeres,España,32.47
2018,Número de admisiones a tratamiento por abuso o dependencia de drogas ilegales de mujeres por cada 100.000 mujeres,España,33.78
2019,Número de admisiones a tratamiento por abuso o dependencia de drogas ilegales de mujeres por cada 100.000 mujeres,España,35.58
2020,Número de admisiones a tratamiento por abuso o dependencia de drogas ilegales de mujeres por cada 100.000 mujeres,España,28.68
2021,Número de admisiones a tratamiento por abuso o dependencia de drogas ilegales de mujeres por cada 100.000 mujeres,España,32.8
2022,Número de admisiones a tratamiento por abuso o dependencia de drogas ilegales de mujeres por cada 100.000 mujeres,España,34.73
2023,Número de admisiones a tratamiento por abuso o dependencia de drogas ilegales de mujeres por cada 100.000 mujeres,España,
2010,Número de admisiones a tratamiento por abuso o dependencia de alcohol por cada 100.000 habitantes,España,
2011,Número de admisiones a tratamiento por abuso o dependencia de alcohol por cada 100.000 habitantes,España,
2012,Número de admisiones a tratamiento por abuso o dependencia de alcohol por cada 100.000 habitantes,España,
2013,Número de admisiones a tratamiento por abuso o dependencia de alcohol por cada 100.000 habitantes,España,
2014,Número de admisiones a tratamiento por abuso o dependencia de alcohol por cada 100.000 habitantes,España,
2015,Número de admisiones a tratamiento por abuso o dependencia de alcohol por cada 100.000 habitantes,España,59.22
2016,Número de admisiones a tratamiento por abuso o dependencia de alcohol por cada 100.000 habitantes,España,57.41
2017,Número de admisiones a tratamiento por abuso o dependencia de alcohol por cada 100.000 habitantes,España,55.37
2018,Número de admisiones a tratamiento por abuso o dependencia de alcohol por cada 100.000 habitantes,España,55.22
2019,Número de admisiones a tratamiento por abuso o dependencia de alcohol por cada 100.000 habitantes,España,57.78
2020,Número de admisiones a tratamiento por abuso o dependencia de alcohol por cada 100.000 habitantes,España,42.28
2021,Número de admisiones a tratamiento por abuso o dependencia de alcohol por cada 100.000 habitantes,España,53.1
2022,Número de admisiones a tratamiento por abuso o dependencia de alcohol por cada 100.000 habitantes,España,56.6
2023,Número de admisiones a tratamiento por abuso o dependencia de alcohol por cada 100.000 habitantes,España,
2010,Número de admisiones a tratamiento por abuso o dependencia de alcohol de hombres por cada 100.000 hombres,España,
2011,Número de admisiones a tratamiento por abuso o dependencia de alcohol de hombres por cada 100.000 hombres,España,
2012,Número de admisiones a tratamiento por abuso o dependencia de alcohol de hombres por cada 100.000 hombres,España,
2013,Número de admisiones a tratamiento por abuso o dependencia de alcohol de hombres por cada 100.000 hombres,España,
2014,Número de admisiones a tratamiento por abuso o dependencia de alcohol de hombres por cada 100.000 hombres,España,
2015,Número de admisiones a tratamiento por abuso o dependencia de alcohol de hombres por cada 100.000 hombres,España,93.41
2016,Número de admisiones a tratamiento por abuso o dependencia de alcohol de hombres por cada 100.000 hombres,España,89.85
2017,Número de admisiones a tratamiento por abuso o dependencia de alcohol de hombres por cada 100.000 hombres,España,87.01
2018,Número de admisiones a tratamiento por abuso o dependencia de alcohol de hombres por cada 100.000 hombres,España,86.48
2019,Número de admisiones a tratamiento por abuso o dependencia de alcohol de hombres por cada 100.000 hombres,España,89.26
2020,Número de admisiones a tratamiento por abuso o dependencia de alcohol de hombres por cada 100.000 hombres,España,63.96
2021,Número de admisiones a tratamiento por abuso o dependencia de alcohol de hombres por cada 100.000 hombres,España,80.06
2022,Número de admisiones a tratamiento por abuso o dependencia de alcohol de hombres por cada 100.000 hombres,España,85.21
2023,Número de admisiones a tratamiento por abuso o dependencia de alcohol de hombres por cada 100.000 hombres,España,
2010,Número de admisiones a tratamiento por abuso o dependencia de alcohol de mujeres por cada 100.000 mujeres,España,
2011,Número de admisiones a tratamiento por abuso o dependencia de alcohol de mujeres por cada 100.000 mujeres,España,
2012,Número de admisiones a tratamiento por abuso o dependencia de alcohol de mujeres por cada 100.000 mujeres,España,
2013,Número de admisiones a tratamiento por abuso o dependencia de alcohol de mujeres por cada 100.000 mujeres,España,
2014,Número de admisiones a tratamiento por abuso o dependencia de alcohol de mujeres por cada 100.000 mujeres,España,
2015,Número de admisiones a tratamiento por abuso o dependencia de alcohol de mujeres por cada 100.000 mujeres,España,25.98
2016,Número de admisiones a tratamiento por abuso o dependencia de alcohol de mujeres por cada 100.000 mujeres,España,25.98
2017,Número de admisiones a tratamiento por abuso o dependencia de alcohol de mujeres por cada 100.000 mujeres,España,24.68
2018,Número de admisiones a tratamiento por abuso o dependencia de alcohol de mujeres por cada 100.000 mujeres,España,24.98
2019,Número de admisiones a tratamiento por abuso o dependencia de alcohol de mujeres por cada 100.000 mujeres,España,27.4
2020,Número de admisiones a tratamiento por abuso o dependencia de alcohol de mujeres por cada 100.000 mujeres,España,21.35
2021,Número de admisiones a tratamiento por abuso o dependencia de alcohol de mujeres por cada 100.000 mujeres,España,27.08
2022,Número de admisiones a tratamiento por abuso o dependencia de alcohol de mujeres por cada 100.000 mujeres,España,29.08
2023,Número de admisiones a tratamiento por abuso o dependencia de alcohol de mujeres por cada 100.000 mujeres,España,
