Year,Serie,RefArea,Value
2010,Tasa neta de escolarización a los 5 años,España,98.5
2011,Tasa neta de escolarización a los 5 años,España,98.1
2012,Tasa neta de escolarización a los 5 años,España,97.7
2013,Tasa neta de escolarización a los 5 años,España,97.6
2014,Tasa neta de escolarización a los 5 años,España,97.2
2015,Tasa neta de escolarización a los 5 años,España,98.0
2016,Tasa neta de escolarización a los 5 años,España,98.1
2017,Tasa neta de escolarización a los 5 años,España,95.8
2018,Tasa neta de escolarización a los 5 años,España,98.7
2019,Tasa neta de escolarización a los 5 años,España,98.9
2020,Tasa neta de escolarización a los 5 años,España,98.9
2021,Tasa neta de escolarización a los 5 años,España,98.3
2022,Tasa neta de escolarización a los 5 años,España,98.6
2022,Tasa neta de escolarización a los 5 años,España,98.6
2023,Tasa neta de escolarización a los 5 años,España,98.5
2010,Tasa neta de escolarización a los 5 años,Cantabria,96.9
2011,Tasa neta de escolarización a los 5 años,Cantabria,97.1
2012,Tasa neta de escolarización a los 5 años,Cantabria,96.8
2013,Tasa neta de escolarización a los 5 años,Cantabria,96.5
2014,Tasa neta de escolarización a los 5 años,Cantabria,96.3
2015,Tasa neta de escolarización a los 5 años,Cantabria,96.6
2016,Tasa neta de escolarización a los 5 años,Cantabria,96.8
2017,Tasa neta de escolarización a los 5 años,Cantabria,97.7
2018,Tasa neta de escolarización a los 5 años,Cantabria,97.5
2019,Tasa neta de escolarización a los 5 años,Cantabria,99.2
2020,Tasa neta de escolarización a los 5 años,Cantabria,98.6
2021,Tasa neta de escolarización a los 5 años,Cantabria,98.5
2022,Tasa neta de escolarización a los 5 años,Cantabria,98.0
2022,Tasa neta de escolarización a los 5 años,Cantabria,98.4
2023,Tasa neta de escolarización a los 5 años,Cantabria,98.6
2010,Tasa neta de escolarización de los niños de 5 años,España,97.9
2011,Tasa neta de escolarización de los niños de 5 años,España,97.5
2012,Tasa neta de escolarización de los niños de 5 años,España,97.5
2013,Tasa neta de escolarización de los niños de 5 años,España,97.3
2014,Tasa neta de escolarización de los niños de 5 años,España,97.1
2015,Tasa neta de escolarización de los niños de 5 años,España,97.8
2016,Tasa neta de escolarización de los niños de 5 años,España,98.0
2017,Tasa neta de escolarización de los niños de 5 años,España,95.7
2018,Tasa neta de escolarización de los niños de 5 años,España,98.6
2019,Tasa neta de escolarización de los niños de 5 años,España,98.8
2020,Tasa neta de escolarización de los niños de 5 años,España,98.9
2021,Tasa neta de escolarización de los niños de 5 años,España,98.4
2022,Tasa neta de escolarización de los niños de 5 años,España,98.6
2023,Tasa neta de escolarización de los niños de 5 años,España,98.8
2023,Tasa neta de escolarización de los niños de 5 años,España,98.8
2010,Tasa neta de escolarización de los niños de 5 años,Cantabria,97.6
2011,Tasa neta de escolarización de los niños de 5 años,Cantabria,97.4
2012,Tasa neta de escolarización de los niños de 5 años,Cantabria,94.6
2013,Tasa neta de escolarización de los niños de 5 años,Cantabria,95.3
2014,Tasa neta de escolarización de los niños de 5 años,Cantabria,94.7
2015,Tasa neta de escolarización de los niños de 5 años,Cantabria,95.0
2016,Tasa neta de escolarización de los niños de 5 años,Cantabria,96.5
2017,Tasa neta de escolarización de los niños de 5 años,Cantabria,96.3
2018,Tasa neta de escolarización de los niños de 5 años,Cantabria,97.4
2019,Tasa neta de escolarización de los niños de 5 años,Cantabria,98.8
2020,Tasa neta de escolarización de los niños de 5 años,Cantabria,98.9
2021,Tasa neta de escolarización de los niños de 5 años,Cantabria,98.2
2022,Tasa neta de escolarización de los niños de 5 años,Cantabria,98.3
2023,Tasa neta de escolarización de los niños de 5 años,Cantabria,98.4
2023,Tasa neta de escolarización de los niños de 5 años,Cantabria,98.9
2010,Tasa neta de escolarización de las niñas de 5 años,España,99.2
2011,Tasa neta de escolarización de las niñas de 5 años,España,98.8
2012,Tasa neta de escolarización de las niñas de 5 años,España,98.0
2013,Tasa neta de escolarización de las niñas de 5 años,España,97.9
2014,Tasa neta de escolarización de las niñas de 5 años,España,97.3
2015,Tasa neta de escolarización de las niñas de 5 años,España,98.1
2016,Tasa neta de escolarización de las niñas de 5 años,España,98.2
2017,Tasa neta de escolarización de las niñas de 5 años,España,95.9
2018,Tasa neta de escolarización de las niñas de 5 años,España,98.8
2019,Tasa neta de escolarización de las niñas de 5 años,España,98.9
2020,Tasa neta de escolarización de las niñas de 5 años,España,98.9
2021,Tasa neta de escolarización de las niñas de 5 años,España,98.3
2022,Tasa neta de escolarización de las niñas de 5 años,España,98.6
2010,Tasa neta de escolarización de las niñas de 5 años,Cantabria,96.1
2011,Tasa neta de escolarización de las niñas de 5 años,Cantabria,96.8
2012,Tasa neta de escolarización de las niñas de 5 años,Cantabria,99.3
2013,Tasa neta de escolarización de las niñas de 5 años,Cantabria,97.8
2014,Tasa neta de escolarización de las niñas de 5 años,Cantabria,98.2
2015,Tasa neta de escolarización de las niñas de 5 años,Cantabria,98.3
2016,Tasa neta de escolarización de las niñas de 5 años,Cantabria,97.1
2017,Tasa neta de escolarización de las niñas de 5 años,Cantabria,99.4
2018,Tasa neta de escolarización de las niñas de 5 años,Cantabria,97.6
2019,Tasa neta de escolarización de las niñas de 5 años,Cantabria,99.6
2020,Tasa neta de escolarización de las niñas de 5 años,Cantabria,98.4
2021,Tasa neta de escolarización de las niñas de 5 años,Cantabria,98.8
2022,Tasa neta de escolarización de las niñas de 5 años,Cantabria,97.6
